category,composition,snlgroup_id 1,sg_num 1,task_id 1,snlgroup_id 2,sg_num 2,task_id 2,delta_energy,delta_bandgap,delta_volume_per_atom,rms_dist,scenario
diff. SGs,O2 Si1,93440,63,mp-600111,36122,15,mp-646895,0.00371,0.184,0.818,"(0.145,0.23)",different
diff. SGs,O2 Si1,93383,217,mp-600096,31600,229,mp-556068,0.00275,0.0349,3.55,"(0.166,0.26)",similar
diff. SGs,O2 Si1,93100,65,mp-639558,48185,38,mp-561181,0.00358,0.094,0.139,"(0.0957,0.157)",similar
diff. SGs,Fe2 Mg1 O4,87026,1,mp-34493,50547,8,mp-34569,0.0383,0.608,0.162,"(0.0334,0.0674)",different
diff. SGs,O2 Si1,48026,8,mp-557881,32431,1,mp-557004,0.000877,0.0573,0.381,"(0.0929,0.201)",similar
diff. SGs,O2 Si1,48026,8,mp-557881,48025,12,mp-558351,0.000295,0.0106,0.0529,"(0.059,0.104)",similar
diff. SGs,O2 Si1,4415,20,mp-7648,16489,9,mp-555235,0.00405,0.126,0.127,"(0.15,0.283)",different
diff. SGs,O2 Si1,4415,20,mp-7648,4416,194,mp-7087,0.00424,0.0129,1.15,"(0.185,0.257)",similar
diff. SGs,O2 Si1,4415,20,mp-7648,35277,4,mp-555891,0.000326,0.0098,0.553,"(0.0697,0.112)",similar
diff. SGs,O2 Si1,48012,36,mp-557264,48011,64,mp-559313,0.00368,0.0663,1.24,"(0.159,0.257)",similar
diff. SGs,O2 Si1,24191,181,mp-10851,1800,154,mp-6930,0.00172,0.174,0.667,"(0.142,0.168)",different
diff. SGs,O2 Si1,24191,181,mp-10851,1799,152,mp-7000,0.00206,0.187,0.653,"(0.142,0.168)",different
diff. SGs,O2 Si1,24191,181,mp-10851,4410,180,mp-6922,6.84e-07,0.0007,0.00234,"(0.00195,0.00239)",similar
diff. SGs,Al1 O4 P1,84751,154,mp-3955,3491,152,mp-5331,1.27e-05,0.0002,0.00245,"(0.0281,0.0338)",similar
diff. SGs,Al1 O4 P1,84751,154,mp-3955,41561,181,mp-560151,0.00354,0.132,0.831,"(0.129,0.16)",different
diff. SGs,Al1 O4 P1,3491,152,mp-5331,41561,181,mp-560151,0.00353,0.132,0.834,"(0.157,0.194)",different
diff. SGs,Al1 O4 P1,22112,8,mp-558088,38500,185,mp-560815,0.00433,0.137,0.912,"(0.11,0.257)",different
diff. SGs,Al1 O4 P1,22288,4,mp-5724,22494,186,mp-545974,0.00746,0.344,1.71,"(0.116,0.162)",different
diff. SGs,Cd1 I2,42093,156,mp-583753,85318,-1,mp-571635,0.00023,0.0875,3.3,"(0.0674,0.106)",similar
diff. SGs,Li1 Ni1 O4 P1,174328,4,mp-763217,13488,62,mp-25614,0.00229,0.005,0.0169,"(0.0232,0.0324)",similar
diff. SGs,O2 Si1,86000,191,mp-532105,85956,175,mp-530546,0.000388,0.0032,0.303,"(0.097,0.158)",similar
diff. SGs,Al1 H3 O3,151079,61,mp-626605,150731,14,mp-625739,0.00138,0.084,0.107,"(0.0996,0.249)",similar
diff. SGs,Cd1 I2,39368,156,mp-570263,19861,164,mp-567567,0.000583,0.0274,0.991,"(0.0561,0.118)",similar
diff. SGs,O2 Si1,4414,227,mp-8352,4413,122,mp-546794,0.0121,0.338,1.52,"(0.143,0.175)",different
diff. SGs,Al2 Fe1 O4,85014,8,mp-34782,50571,156,mp-34978,0.0375,0.656,0.0163,"(0.0643,0.175)",different
diff. SGs,C1,151477,12,mp-632329,87419,191,mp-568806,0.104,0.315,1.83,"(0.000943,0.000943)",different
diff. SGs,F4 Li1 V1,174098,59,mp-776513,174027,65,mp-766906,5.8e-05,0.0444,0.0207,"(0.0136,0.021)",similar
diff. SGs,F4 Li1 V1,156435,2,mp-764360,159698,15,mp-780742,0.0207,0.0521,0.65,"(0.184,0.289)",different
diff. SGs,Fe1 H1 O2,151027,11,mp-626512,150882,36,mp-626102,0.0524,0.0106,0.252,"(0.187,0.292)",different
diff. SGs,Fe1 H1 O2,150882,36,mp-626102,92523,63,mp-743660,0.0299,0.0383,0.627,"(0.0856,0.146)",different
diff. SGs,Fe1 H1 O2,150557,26,mp-625233,150566,19,mp-625269,0.0034,0.0127,0.011,"(0.108,0.178)",similar
diff. SGs,Fe1 H1 O2,150557,26,mp-625233,5056,62,mp-605437,0.000663,0.0094,0.0588,"(0.0881,0.215)",similar
diff. SGs,Fe1 H1 O2,150566,19,mp-625269,5056,62,mp-605437,0.00274,0.0221,0.0479,"(0.0836,0.121)",similar
diff. SGs,O2 V1,154926,28,mp-715035,84948,139,mp-25792,0.0249,0.498,0.179,"(0.0304,0.0448)",different
diff. SGs,O2 V1,154926,28,mp-715035,154934,1,mp-715517,0.00321,0.155,0.00425,"(0.0324,0.0617)",different
diff. SGs,O2 V1,84948,139,mp-25792,154934,1,mp-715517,0.0281,0.653,0.184,"(0.0284,0.0396)",different
diff. SGs,O2 V1,154937,1,mp-715553,36132,62,mp-25145,0.0257,1.37,0.0202,"(0.0469,0.0664)",different
diff. SGs,O2 V1,151687,2,mp-636976,86715,10,mp-636921,0.00132,0.0995,0.685,"(0.0293,0.0412)",similar
diff. SGs,O2 V1,154924,141,mp-714960,151600,88,mp-634430,0.00151,0.714,0.0356,"(0.0183,0.0237)",different
diff. SGs,O2 V1,154924,141,mp-714960,87884,227,mp-25622,0.0005,0.871,0.0147,"(0.0167,0.021)",different
diff. SGs,O2 V1,21597,58,mp-714880,26200,136,mp-19094,0.00778,0.0146,0.0289,"(0.0579,0.0836)",similar
diff. SGs,O2 V1,151600,88,mp-634430,87884,227,mp-25622,0.00201,0.157,0.0503,"(0.025,0.0314)",different
diff. SGs,O2 V1,154923,12,mp-714944,87776,166,mp-25615,0.0411,0.671,0.164,"(0.00976,0.012)",different
diff. SGs,Fe3 O4,154942,12,mp-715614,150415,8,mp-612405,0.0224,0.351,0.17,"(0.0357,0.0643)",different
diff. SGs,Fe3 O4,154931,36,mp-715438,46477,63,mp-18731,0.0296,0.647,0.073,"(0.0644,0.118)",different
diff. SGs,O2 Si1,40475,82,mp-554682,35247,119,mp-644923,0.00577,0.0131,0.532,"(0.104,0.184)",similar
diff. SGs,O2 Si1,40475,82,mp-554682,35248,44,mp-554946,0.000776,0.0122,0.178,"(0.0957,0.254)",similar
diff. SGs,Fe3 O4,85322,51,mp-542433,3255,227,mp-19306,0.0508,0.0042,0.194,"(0.043,0.0572)",different
diff. SGs,Fe3 O4,85322,51,mp-542433,154944,12,mp-715811,0.0369,0.287,0.114,"(0.037,0.0576)",different
diff. SGs,Fe3 O4,85322,51,mp-542433,9100,74,mp-31770,0.035,0.449,0.0231,"(0.0279,0.0404)",different
diff. SGs,Fe3 O4,85322,51,mp-542433,154946,53,mp-716052,0.0381,0.262,0.124,"(0.0365,0.0679)",different
diff. SGs,Fe3 O4,85322,51,mp-542433,154938,166,mp-715558,0.0367,0.273,0.109,"(0.0341,0.0536)",different
diff. SGs,Fe3 O4,3255,227,mp-19306,154944,12,mp-715811,0.0139,0.291,0.0794,"(0.022,0.0339)",different
diff. SGs,Fe3 O4,3255,227,mp-19306,9100,74,mp-31770,0.0158,0.454,0.17,"(0.0425,0.0573)",different
diff. SGs,Fe3 O4,3255,227,mp-19306,154946,53,mp-716052,0.0127,0.266,0.0698,"(0.0247,0.0368)",different
diff. SGs,Fe3 O4,3255,227,mp-19306,154938,166,mp-715558,0.0141,0.277,0.0844,"(0.0196,0.033)",different
diff. SGs,Fe3 O4,154944,12,mp-715811,9100,74,mp-31770,0.00196,0.163,0.0911,"(0.0363,0.0613)",different
diff. SGs,Fe3 O4,154944,12,mp-715811,154946,53,mp-716052,0.00121,0.0243,0.00952,"(0.0205,0.043)",similar
diff. SGs,Fe3 O4,154944,12,mp-715811,154938,166,mp-715558,0.000212,0.0138,0.00507,"(0.00828,0.0161)",similar
diff. SGs,Fe3 O4,9100,74,mp-31770,154946,53,mp-716052,0.00317,0.187,0.101,"(0.0331,0.0515)",different
diff. SGs,Fe3 O4,9100,74,mp-31770,154938,166,mp-715558,0.00175,0.177,0.0861,"(0.0343,0.0563)",different
diff. SGs,Fe3 O4,154946,53,mp-716052,154938,166,mp-715558,0.00142,0.0105,0.0146,"(0.0155,0.0349)",similar
diff. SGs,H16 O10 Sr1,150942,1,mp-626216,150922,2,mp-626197,0.00207,0.225,0.202,"(0.129,0.274)",different
diff. SGs,Li7 Mn11 O24,153144,5,mp-690435,87308,2,mp-34461,9.79e-05,0.77,0.0444,"(0.0149,0.041)",different
diff. SGs,O3 W1,154130,221,mp-715469,151684,63,mp-636289,0.000593,0.2,0.0855,"(0.0591,0.115)",different
diff. SGs,O3 W1,154167,191,mp-715590,49979,185,mp-32662,0.00181,0.349,0.00219,"(0.131,0.169)",different
diff. SGs,O3 W1,15113,14,mp-19283,41931,60,mp-19342,0.000202,0.0363,0.0517,"(0.0677,0.0979)",similar
diff. SGs,O3 W1,87305,193,mp-32777,7923,191,mp-559175,0.00158,0.143,0.00729,"(0.0258,0.0479)",different
diff. SGs,O3 W1,40625,113,mp-565994,85528,57,mp-566278,0.000279,0.0918,0.00499,"(0.106,0.137)",similar
diff. SGs,O3 W1,16289,14,mp-19033,19498,130,mp-18773,1.23e-06,0.092,0.0149,"(0.151,0.182)",similar
diff. SGs,O3 W1,33321,221,mp-19390,154945,51,mp-715923,0.000511,0.34,0.00338,"(0.0115,0.0132)",different
diff. SGs,Al2 Co1 O4,87104,8,mp-37621,50750,156,mp-699325,0.011,0.47,0.0418,"(0.0306,0.102)",different
diff. SGs,O2 Ti1,152055,35,mp-655656,85538,25,mp-636827,0.00263,0.0641,0.00733,"(0.0431,0.0758)",similar
diff. SGs,O2 Ti1,87076,15,mp-34688,2160,141,mp-390,0.00791,0.0627,0.104,"(0.0186,0.0268)",similar
diff. SGs,C1 Li4 O4,5479,121,mp-551740,5491,5,mp-550498,0.0015,0.0173,0.0515,"(0.134,0.198)",similar
diff. SGs,Co1 O2,85651,12,mp-556750,85374,166,mp-554635,0.251,0,1.99,"(0.0129,0.0158)",different
diff. SGs,C1 Li4 O4,87044,8,mp-549565,85580,160,mp-550593,0.00663,0.196,0.476,"(0.0776,0.135)",different
diff. SGs,C1 Li4 O4,87044,8,mp-549565,5477,215,mp-546202,0.00785,0.375,0.72,"(0.11,0.184)",different
diff. SGs,C1 Li4 O4,85580,160,mp-550593,5477,215,mp-546202,0.00122,0.178,0.244,"(0.0499,0.0671)",different
diff. SGs,C1 Li4 O4,85445,5,mp-550320,87009,8,mp-549389,0.0519,1.01,1.14,"(0.189,0.297)",different
diff. SGs,C1 Li4 O4,85445,5,mp-550320,5480,121,mp-551848,0.0529,1.26,1.17,"(0.212,0.298)",different
diff. SGs,C1 Li4 O4,87009,8,mp-549389,5480,121,mp-551848,0.00099,0.251,0.0289,"(0.0416,0.068)",different
diff. SGs,Bi2 O3,49931,8,mp-673244,50256,1,mp-684654,0.00425,0.0452,0.184,"(0.106,0.198)",similar
diff. SGs,Co2 Li1 O4,174631,4,mp-774082,54302,227,mp-25471,0.104,0.628,0.473,"(0.0396,0.0576)",different
diff. SGs,O2 Zr1,22154,225,mp-1565,3055,137,mp-2574,0.0338,0.75,0.375,"(0.0432,0.0529)",different
diff. SGs,Mn1 O2,84991,58,mp-33009,6598,136,mp-510408,0.0033,0.397,0.0634,"(0.0786,0.0962)",different
diff. SGs,O2,19027,12,mp-611836,14453,166,mp-610917,0.0104,0.0159,0.353,"(0.0383,0.0383)",different
diff. SGs,Fe1 O4 P1,1805,152,mp-19109,24870,181,mp-24973,0.0056,0.135,1.46,"(0.195,0.247)",different
diff. SGs,H7 N1 O6,150889,1,mp-626112,151056,4,mp-626529,0.000146,0.089,0.011,"(0.0466,0.127)",similar
diff. SGs,Cu1 Mn2 O4,87166,8,mp-34237,51286,156,mp-705626,0.0166,0.0113,0.0707,"(0.0672,0.112)",different
diff. SGs,C1 O4 Rb4,35547,5,mp-551176,35550,23,mp-550679,0.00341,1.46,0.0149,"(0.0973,0.149)",different
diff. SGs,C1 O4 Rb4,35549,146,mp-550314,35542,215,mp-546320,0.000233,0.111,0.383,"(0.134,0.205)",different
diff. SGs,C1 O4 Rb4,85513,81,mp-552966,35542,215,mp-546320,0.00348,0.948,3.24,"(0.17,0.226)",different
diff. SGs,Fe2 O3,48612,206,mp-686969,154939,5,mp-715572,0.0417,0.629,0.166,"(0.0634,0.0955)",different
diff. SGs,Fe2 O3,44632,60,mp-542309,154929,33,mp-715276,0.044,0.0139,0.0917,"(0.0667,0.107)",different
diff. SGs,O5 P1 V1,49282,129,mp-19000,33450,85,mp-566179,0.00175,0.0791,0.288,"(0.092,0.117)",similar
same SGs,Al1 H1 O2,150483,36,mp-625056,150477,36,mp-625054,1.14e-05,0.0973,0.0562,,
diff. SGs,Si1,48629,148,mp-571520,6238,206,mp-168,0.00194,0.101,0.208,"(0.12,0.193)",different
diff. SGs,Ba1 O3 Ti1,14195,194,mp-5933,36117,20,mp-558125,0.00482,0.573,0.159,"(0.0271,0.0499)",different
diff. SGs,Ba1 O3 Ti1,34698,99,mp-12992,6069,160,mp-5020,0.00291,0.777,0.0355,"(0.211,0.284)",different
diff. SGs,Ba1 O3 Ti1,34698,99,mp-12992,7776,38,mp-5777,0.00249,0.561,0.036,"(0.212,0.288)",different
diff. SGs,Ba1 O3 Ti1,6069,160,mp-5020,2045,99,mp-5986,0.00291,0.781,0.0514,"(0.0318,0.0542)",different
diff. SGs,Ba1 O3 Ti1,6069,160,mp-5020,7776,38,mp-5777,0.000424,0.216,0.000474,"(0.019,0.0324)",different
diff. SGs,Ba1 O3 Ti1,6069,160,mp-5020,1496,221,mp-2998,0.0141,0.842,0.41,"(0.0322,0.0546)",different
diff. SGs,Ba1 O3 Ti1,2045,99,mp-5986,7776,38,mp-5777,0.00248,0.565,0.0519,"(0.0223,0.0363)",different
diff. SGs,Ba1 O3 Ti1,2045,99,mp-5986,1496,221,mp-2998,0.0112,0.0616,0.359,"(0.0164,0.0315)",different
diff. SGs,Ba1 O3 Ti1,7776,38,mp-5777,1496,221,mp-2998,0.0137,0.627,0.41,"(0.0222,0.0368)",different
diff. SGs,C1 K4 O4,150388,8,mp-605843,5501,121,mp-549869,0.00816,0.12,0.0499,"(0.0728,0.106)",different
diff. SGs,C1 K4 O4,150388,8,mp-605843,5503,5,mp-551561,0.0143,0.346,0.517,"(0.0688,0.118)",different
diff. SGs,C1 K4 O4,5504,146,mp-545387,5499,215,mp-551736,0.00144,0.034,0.0844,"(0.122,0.187)",similar
diff. SGs,C1 K4 O4,5501,121,mp-549869,5503,5,mp-551561,0.00618,0.466,0.567,"(0.0949,0.123)",different
diff. SGs,Bi1 Fe1 O3,24132,221,mp-561388,85525,63,mp-566101,0.000541,0.179,0.0186,"(0.0113,0.0194)",different
diff. SGs,Bi1 Fe1 O3,24132,221,mp-561388,1593,160,mp-24942,0.182,1.33,1.26,"(0.07,0.131)",different
diff. SGs,Bi1 Fe1 O3,152054,146,mp-655631,85405,1,mp-561070,0.00387,0.0972,0.927,"(0.056,0.0662)",similar
diff. SGs,Bi1 Fe1 O3,87017,146,mp-601706,3280,161,mp-24932,0.162,0.361,0.629,"(0.0452,0.0667)",different
diff. SGs,Bi1 Fe1 O3,85525,63,mp-566101,1593,160,mp-24942,0.182,1.51,1.24,"(0.0699,0.133)",different
diff. SGs,Co1 Fe2 O4,153233,5,mp-691111,53159,152,mp-36738,0.0527,0.103,0.26,"(0.0229,0.0386)",different
diff. SGs,Ag2 S1,85364,11,mp-556225,52796,63,mp-36216,0.00127,0.321,0.116,"(0.0438,0.0718)",different
diff. SGs,Ag2 S1,85364,11,mp-556225,86073,12,mp-32884,0.000684,0.106,0.426,"(0.0416,0.0642)",different
diff. SGs,Ag2 S1,85364,11,mp-556225,87077,36,mp-32669,0.00166,0.11,0.266,"(0.0301,0.0417)",different
diff. SGs,Ag2 S1,52796,63,mp-36216,86073,12,mp-32884,0.00196,0.215,0.31,"(0.0699,0.0978)",different
diff. SGs,Ag2 S1,52796,63,mp-36216,87077,36,mp-32669,0.00293,0.211,0.15,"(0.0579,0.0856)",different
diff. SGs,Ag2 S1,86073,12,mp-32884,87077,36,mp-32669,0.000975,0.0039,0.16,"(0.0302,0.057)",similar
diff. SGs,O5 Ta2,152906,1,mp-684897,173557,8,mp-780772,0.00854,0.0276,0.12,"(0.112,0.288)",similar
diff. SGs,Fe1 Mo1 O6 Sr2,34676,225,mp-19127,1008,87,mp-18857,0.0298,0,0.111,"(0.0316,0.0492)",different
diff. SGs,C1 Na4 O4,35537,8,mp-645295,35536,146,mp-552623,0.000108,0.439,0.437,"(0.0968,0.136)",different
diff. SGs,C1 Na4 O4,35536,146,mp-552623,5492,215,mp-551886,0.00106,0.24,0.0904,"(0.151,0.198)",different
diff. SGs,K1 N1 O3,87098,11,mp-36903,53032,1,mp-675625,0.00529,0.0846,0.639,"(0.16,0.289)",similar
diff. SGs,K1 N1 O3,54740,155,mp-676851,8152,160,mp-6920,0.00728,0.0967,1.77,"(0.228,0.254)",similar
diff. SGs,H2 K1 O4 P1,88297,43,mp-23959,93816,122,mp-696752,0.00492,0.172,0.223,"(0.099,0.188)",different
diff. SGs,Co1 O7 P2,86818,2,mp-31552,49032,15,mp-585220,0.0247,0.56,1.31,"(0.0348,0.0648)",different
diff. SGs,P1,132670,-1,mp-604573,28242,221,mp-53,0.033,0.0741,0.0571,"(0,0)",different
diff. SGs,P1,23316,166,mp-130,84861,74,mp-7245,0.01,0,0.317,"(0.0766,0.0766)",similar
diff. SGs,Nb1 S2,5535,187,mp-1874,13250,42,mp-2648,0.000454,0.0094,10.9,"(0.104,0.127)",similar
diff. SGs,Ca1 O3 Si1,36167,204,mp-4356,36166,139,mp-4853,0.000531,0.0191,0.00617,"(0.03,0.0462)",similar
diff. SGs,Ca1 O3 Si1,36163,140,mp-3387,36164,74,mp-5096,0.000168,0.0215,0.00414,"(0.0542,0.0854)",similar
diff. SGs,Na1 Nb1 O3,9139,29,mp-558920,36148,57,mp-3671,0.000142,0.0479,0.0368,"(0.0913,0.153)",similar
diff. SGs,Na1 Nb1 O3,9147,26,mp-4681,19754,63,mp-4748,0.0107,0.683,0.189,"(0.0841,0.149)",different
diff. SGs,O3 Pb1 Zr1,36537,32,mp-647557,16843,55,mp-542903,0.00519,0.071,0.295,"(0.104,0.27)",similar
diff. SGs,H4 O5 S1,151016,7,mp-626448,150878,14,mp-626109,0.000208,0.0776,0.108,"(0.129,0.293)",similar
diff. SGs,H4 O5 S1,151016,7,mp-626448,88166,14,mp-29095,0.00331,0.0046,0.233,"(0.0561,0.117)",similar
diff. SGs,Ni1 Ti1,2776,157,mp-597,2272,147,mp-2716,0.00361,0.0045,0.0028,"(0.0614,0.157)",similar
diff. SGs,Ba1 H2 O2,99159,62,mp-723021,111604,14,mp-699501,0.0123,0.487,0.447,"(0.122,0.296)",different
diff. SGs,Fe1 O2,88734,227,mp-632573,154919,141,mp-714904,0.171,0.0886,0.964,"(0.0172,0.0211)",different
diff. SGs,Ta1,44501,136,mp-569794,22312,113,mp-42,0.000815,0.0154,0.00179,"(0.0261,0.0496)",similar
diff. SGs,U1,42248,136,mp-93,26208,102,mp-43,0.0105,0.0069,0.106,"(0.0757,0.0885)",different
diff. SGs,H1 Na1 O1,88472,63,mp-23891,87939,11,mp-23940,0.000956,0.0208,0.0228,"(0.0372,0.0498)",similar
same SGs,H1 Na1 O1,150493,160,mp-625052,150494,160,mp-625051,0,0,0,,
diff. SGs,N2,14978,198,mp-154,1786,205,mp-25,0.000191,0.0099,0.213,"(0.0602,0.0641)",similar
diff. SGs,Fe1 O1,7462,225,mp-18905,84557,139,mp-715262,0.414,0,0.639,"(0,0)",different
diff. SGs,H2 O2 Zn1,150650,5,mp-625488,150649,164,mp-625487,0.0164,0.0689,0.21,"(0.191,0.267)",different
diff. SGs,H2 O2 Zn1,150799,4,mp-625857,97351,19,mp-625830,0.00178,0.0248,0.0699,"(0.0769,0.141)",similar
diff. SGs,Ag3 I1 S1,151500,1,mp-632480,17235,221,mp-558189,0.0414,0.352,0.503,"(0.159,0.249)",different
diff. SGs,Ag3 I1 S1,151500,1,mp-632480,51053,6,mp-674981,0.00215,0.0085,0.11,"(0.118,0.174)",similar
diff. SGs,Ag3 I1 S1,151500,1,mp-632480,54299,155,mp-676561,0.00263,0.0728,0.332,"(0.165,0.297)",similar
diff. SGs,Ag3 I1 S1,151500,1,mp-632480,3612,146,mp-22995,0.00855,0.803,0.27,"(0.102,0.149)",different
diff. SGs,Ag3 I1 S1,17235,221,mp-558189,51053,6,mp-674981,0.0393,0.36,0.393,"(0.166,0.227)",different
diff. SGs,Ag3 I1 S1,17235,221,mp-558189,3612,146,mp-22995,0.0499,0.451,0.773,"(0.161,0.198)",different
diff. SGs,Ag3 I1 S1,51053,6,mp-674981,54299,155,mp-676561,0.000486,0.0813,0.223,"(0.16,0.219)",similar
diff. SGs,Ag3 I1 S1,51053,6,mp-674981,3612,146,mp-22995,0.0107,0.812,0.38,"(0.126,0.244)",different
diff. SGs,Ag3 I1 S1,54299,155,mp-676561,3612,146,mp-22995,0.0112,0.731,0.603,"(0.136,0.163)",different
diff. SGs,O3 Ru1 Sr1,87150,74,mp-34212,19590,140,mp-4525,0.00609,0.0351,0.0112,"(0.0877,0.134)",similar
diff. SGs,Nb1 Se2,15974,194,mp-2207,15979,63,mp-618883,0.00435,0,1.25,"(0.00981,0.0166)",similar
diff. SGs,C1 Cs4 O4,5509,215,mp-605824,35561,146,mp-562815,0.0032,0.141,0.177,"(0.137,0.218)",different
diff. SGs,Mo1 O2,154918,12,mp-714883,88282,166,mp-25571,0.0293,0.0278,0.146,"(0.0111,0.0136)",different
diff. SGs,Ag1 I1,152849,119,mp-684580,4105,216,mp-22925,0.0017,0.0532,0.0279,"(1e-16,1e-16)",similar
diff. SGs,Mo1 O2,28921,136,mp-510536,154935,58,mp-715550,0.0131,0,0.03,"(0.0239,0.0297)",different
diff. SGs,Mo1 O2,87811,227,mp-25578,154933,2,mp-715482,0.0189,0.232,0.52,"(0.0465,0.0727)",different
diff. SGs,Mo1 O2,87811,227,mp-25578,151680,70,mp-635966,0.00508,0.114,0.423,"(0.0426,0.0541)",different
diff. SGs,Mo1 O2,87811,227,mp-25578,154925,141,mp-714969,0.0136,0.126,0.388,"(0.0369,0.0452)",different
diff. SGs,Mo1 O2,154933,2,mp-715482,151680,70,mp-635966,0.0138,0.346,0.0967,"(0.0349,0.0576)",different
diff. SGs,Mo1 O2,154933,2,mp-715482,154925,141,mp-714969,0.0325,0.358,0.131,"(0.0333,0.0525)",different
diff. SGs,Mo1 O2,151680,70,mp-635966,154925,141,mp-714969,0.0187,0.0121,0.0348,"(0.0141,0.0212)",different
diff. SGs,Al1 Li1 O4 Si1,37278,180,mp-14399,20951,181,mp-6326,2.12e-06,0.0009,0.00207,"(0.00825,0.0152)",similar
diff. SGs,O3 V2,5700,167,mp-18937,25494,15,mp-715514,0.0015,0.0865,0.0198,"(0.0285,0.0323)",similar
diff. SGs,O3 V2,85484,9,mp-553955,26262,167,mp-714906,0.0439,0.0029,1.92,"(0.0594,0.0897)",different
diff. SGs,Cd1 O3 Ti1,85236,26,mp-20940,40601,33,mp-5052,0.000608,0.0308,0.0306,"(0.115,0.208)",similar
diff. SGs,Cd1 O3 Ti1,85236,26,mp-20940,37894,62,mp-14550,0.00414,0.337,0.103,"(0.0307,0.05)",different
diff. SGs,Cd1 O3 Ti1,40601,33,mp-5052,37894,62,mp-14550,0.00353,0.306,0.134,"(0.113,0.167)",different
diff. SGs,O3 U1,84780,65,mp-233,7836,164,mp-8134,0.0828,1.17,0.791,"(0.207,0.293)",different
diff. SGs,N1 S1,15714,14,mp-542738,43893,60,mp-555136,0.00187,0.0299,0.32,"(0.104,0.152)",similar
diff. SGs,Cu1 O2,1066,63,mp-601195,154129,69,mp-704690,0.000373,0.23,5.53,"(0.108,0.109)",different
diff. SGs,O2 Si1,14340,96,mp-7029,1875,92,mp-6945,0.000186,0.285,0.00382,"(0.124,0.15)",different
diff. SGs,Ba1 Mn1 O3,21678,185,mp-19267,11354,194,mp-19156,0.0077,0.143,0.239,"(0.0373,0.0584)",different
diff. SGs,Cd1 Te1,1077,186,mp-12779,86988,36,mp-685146,0.00113,0.0036,0.0754,"(0.119,0.126)",similar
same SGs,O2 Si1,24631,60,mp-559741,4040,60,mp-10948,0.000197,0.0576,0.00455,,
diff. SGs,O2 Te1,10710,96,mp-2739,9176,19,mp-561224,0.00163,0.181,0.0417,"(0.0758,0.0896)",different
diff. SGs,O2 Te1,10710,96,mp-2739,826,92,mp-557,2.25e-05,0,0.0153,"(0.0127,0.0153)",similar
diff. SGs,O2 Te1,9176,19,mp-561224,826,92,mp-557,0.00161,0.181,0.0571,"(0.0756,0.0885)",different
diff. SGs,Mn2 Ni1 O4,150457,141,mp-622693,17675,227,mp-32011,0.125,0,0.247,"(0.0264,0.0421)",different
diff. SGs,La1 Mn1 O3,873,15,mp-19157,786,167,mp-19168,0.00153,0.0135,0.0346,"(0.0543,0.0755)",similar
diff. SGs,Cu1 Ge1 O3,86705,64,mp-561216,11359,51,mp-21344,0.00377,0.111,0.121,"(0.0412,0.066)",different
diff. SGs,Te1,84733,51,mp-105,84711,221,mp-10654,0.00183,0,0.125,"(0,0)",similar
diff. SGs,Te1,47759,154,mp-567313,85687,12,mp-570459,0.0408,0.494,1.96,"(0.0829,0.1)",different
diff. SGs,Te1,47759,154,mp-567313,4141,152,mp-19,7.27e-05,0.0145,0.181,"(0.00967,0.00967)",similar
diff. SGs,Te1,85687,12,mp-570459,4141,152,mp-19,0.0409,0.479,2.14,"(0.0916,0.109)",different
diff. SGs,O4 Pb1 W1,152138,1,mp-703260,2413,88,mp-25176,0.00362,0.0586,0.072,"(0.0646,0.0988)",similar
diff. SGs,H2 O4 P1 Rb1,87983,43,mp-23667,102869,122,mp-642831,0.00602,0.171,0.366,"(0.0612,0.116)",different
diff. SGs,Ca1,84719,139,mp-166,19451,229,mp-21,0.000253,0.0064,0.0448,"(0,0)",similar
diff. SGs,C1 Li2 Mn1 O7 P1,160597,2,mp-769717,87832,11,mp-25563,0.000416,0.194,0.193,"(0.142,0.297)",different
diff. SGs,Cu3 O8 Pb2 Sr2 Y1,39251,2,mp-554200,101895,17,mp-643629,0.00344,0.0714,0.639,"(0.0586,0.25)",similar
diff. SGs,Cu3 O8 Pb2 Sr2 Y1,39247,26,mp-578628,101895,17,mp-643629,0.0223,0.0612,1.03,"(0.0764,0.287)",different
diff. SGs,Fe1 S1,12802,186,mp-616476,9180,62,mp-21410,0.0317,0.0219,1.19,"(0.0242,0.0322)",different
diff. SGs,Fe1 S1,12802,186,mp-616476,174872,164,mp-849057,0.078,0,0.313,"(0.0331,0.0437)",different
diff. SGs,Fe1 S1,12802,186,mp-616476,7482,194,mp-2099,0.0577,0,1.23,"(0.0227,0.0388)",different
diff. SGs,Fe1 S1,9180,62,mp-21410,174872,164,mp-849057,0.0462,0.0219,0.874,"(0.0283,0.0365)",different
diff. SGs,Fe1 S1,9180,62,mp-21410,7482,194,mp-2099,0.0259,0.0219,2.42,"(0.0292,0.0361)",different
diff. SGs,Fe1 S1,174872,164,mp-849057,7482,194,mp-2099,0.0203,0,1.54,"(0.0241,0.0341)",different
diff. SGs,Ge1 Te1,23507,225,mp-2612,3629,160,mp-938,0.016,0.384,1.02,"(0.0457,0.0457)",different
diff. SGs,Li1 Nb1 O3,43010,167,mp-552588,96,161,mp-3731,0.0335,1.01,0.0175,"(0.124,0.224)",different
diff. SGs,Ge1 O2,28466,154,mp-223,14658,152,mp-733,7.39e-05,0.0008,0.0256,"(0.000874,0.00107)",similar
diff. SGs,Co1 La1 O3,86868,2,mp-561922,2778,167,mp-19051,0.0185,0.0367,0.27,"(0.0412,0.0644)",different
diff. SGs,Hf1 O3 Sr1,35057,74,mp-13109,35058,140,mp-3721,0.00338,0.0685,0.00322,"(0.0952,0.15)",similar
diff. SGs,Hf1 O3 Sr1,35056,63,mp-4673,16167,62,mp-3378,0.00445,0.213,0.0279,"(0.112,0.194)",different
diff. SGs,Hf1 O3 Sr1,4115,99,mp-13108,3531,221,mp-4551,5.33e-05,0.0035,0.0169,"(0.0459,0.0794)",similar
diff. SGs,Cl4 Cr1 Rb2,11130,139,mp-570910,152535,12,mp-676398,0.00027,0.293,0.346,"(0.0277,0.046)",different
diff. SGs,H2 Ni1 O2,151133,166,mp-626794,151131,5,mp-626843,0.00966,0.0426,0.00766,"(0.121,0.168)",similar
diff. SGs,H2 Ni1 O2,88411,164,mp-32403,150481,5,mp-625081,0.0112,0.0555,0.0206,"(0.183,0.26)",different
diff. SGs,O2 Sn1,24216,58,mp-550172,3006,136,mp-856,0.0023,0.154,0.0362,"(0.0573,0.0702)",different
diff. SGs,H2 O4 U1,151153,36,mp-626885,90010,64,mp-626864,0.00324,0.223,0.0454,"(0.0655,0.132)",different
diff. SGs,N3 Na1,8174,166,mp-22003,2315,12,mp-570538,0.00183,0.082,0.0403,"(0.0296,0.0419)",similar
diff. SGs,Cu1 O1,84594,131,mp-1692,154273,15,mp-704645,0.00451,0,0.0234,"(0.028,0.0396)",similar
diff. SGs,O3 Pb2,153180,6,mp-690722,152051,12,mp-655547,0.00432,0.0451,0.239,"(0.0235,0.047)",similar
diff. SGs,O2 Sb1,10862,33,mp-230,4827,52,mp-560098,0.00113,0.0227,0.0639,"(0.122,0.18)",similar
diff. SGs,F3 La1,5909,185,mp-334,2422,165,mp-905,0.000626,0.0023,0.0078,"(0.0716,0.101)",similar
diff. SGs,F3 La1,4944,225,mp-13181,2423,139,mp-323,0.00935,0.0496,0.0328,"(3.68e-16,6.07e-16)",similar
diff. SGs,Ba1 Bi1 O3,12129,225,mp-23438,1391,148,mp-23482,0.0223,0.0328,0.115,"(0.0873,0.112)",different
diff. SGs,Ba1 Bi1 O3,12129,225,mp-23438,1390,12,mp-22942,0.0235,0.0554,0.0839,"(0.104,0.134)",different
diff. SGs,Ba1 Bi1 O3,1391,148,mp-23482,1390,12,mp-22942,0.00124,0.0226,0.0313,"(0.0648,0.121)",similar
diff. SGs,Nb1 O5 P1,37138,33,mp-556918,13029,62,mp-5803,0.000686,0.094,0.0705,"(0.0664,0.119)",similar
diff. SGs,Be1 F2,42628,152,mp-15951,9581,180,mp-558118,3.44e-06,0.237,0.834,"(0.14,0.166)",different
diff. SGs,Cr1 O9 P3,37097,9,mp-566776,44072,15,mp-566761,0.0011,0.0506,0.0791,"(0.0987,0.237)",similar
diff. SGs,Br1 Cu1,86058,119,mp-32880,7616,216,mp-22913,0.00455,0.0379,0.0582,"(7.8e-17,7.8e-17)",similar
diff. SGs,Co2 O5 Sr2,35161,46,mp-549498,85703,1,mp-556076,0.0048,0.161,0.0426,"(0.0607,0.148)",different
diff. SGs,Co1 O1,84828,139,mp-19275,2325,225,mp-19079,0.304,0.0046,0.073,"(1.19e-06,1.19e-06)",different
diff. SGs,Pr1,85086,8,mp-20537,23289,225,mp-97,0.00251,0.0529,0.0952,"(0,0)",similar
diff. SGs,Fe2 Mo3 O12,46202,4,mp-704851,40739,14,mp-706565,7.79e-05,0.0045,0.0349,"(0.0438,0.172)",similar
diff. SGs,H2 Mo1 O4,151058,2,mp-626577,150688,1,mp-625600,0.000805,0.0402,0.162,"(0.117,0.292)",similar
diff. SGs,Al1 Ce1 O3,5569,167,mp-3408,5568,74,mp-19843,0.00402,0.0055,0.0201,"(0.0577,0.0892)",similar
diff. SGs,Al1 Ce1 O3,5569,167,mp-3408,5266,140,mp-4096,0.00379,0.0057,0.02,"(0.0629,0.0871)",similar
diff. SGs,Al1 Ce1 O3,5568,74,mp-19843,5266,140,mp-4096,0.00781,0.0002,0.0401,"(0.0775,0.148)",similar
diff. SGs,Na1 O3 Ta1,42010,63,mp-4699,905,62,mp-3858,0.00141,0.233,0.0522,"(0.0748,0.115)",different
diff. SGs,H3 La1 O3,150739,1,mp-625788,150733,173,mp-625733,0.000626,0.0143,0.141,"(0.146,0.279)",similar
diff. SGs,H3 La1 O3,150739,1,mp-625788,150631,11,mp-625406,0.000801,0.249,0.178,"(0.166,0.279)",different
diff. SGs,H3 La1 O3,150733,173,mp-625733,150631,11,mp-625406,0.000175,0.263,0.319,"(0.193,0.212)",different
diff. SGs,H3 La1 O3,150631,11,mp-625406,94599,176,mp-625394,0.0014,0.0407,0.239,"(0.138,0.251)",similar
diff. SGs,K1 Li1 O4 S1,12980,9,mp-6318,10300,159,mp-6800,8.6e-05,0.0066,0.00414,"(0.0843,0.134)",similar
diff. SGs,Na1 O5 V2,34311,31,mp-505821,43938,42,mp-565227,0.00379,0.784,0.129,"(0.139,0.235)",different
diff. SGs,Na1 O5 V2,34311,31,mp-505821,18397,59,mp-19111,0.0129,0.811,0.22,"(0.138,0.23)",different
diff. SGs,Na1 O5 V2,43938,42,mp-565227,18397,59,mp-19111,0.00907,0.027,0.0915,"(0.0148,0.029)",similar
diff. SGs,Mo2 O12 P3,85024,5,mp-32077,86920,1,mp-32055,0.00278,0.177,0.0775,"(0.0517,0.103)",different
diff. SGs,Mo2 O12 P3,85024,5,mp-32077,49767,2,mp-32094,0.00174,0.0982,0.0331,"(0.124,0.217)",similar
diff. SGs,Mo2 O12 P3,86920,1,mp-32055,49767,2,mp-32094,0.00452,0.276,0.0445,"(0.0986,0.19)",different
diff. SGs,I1 Li1 O3,23523,182,mp-545343,9024,173,mp-613442,0.238,3.69,2.56,"(0.182,0.216)",different
diff. SGs,I1 Li1 O3,23523,182,mp-545343,8300,173,mp-22955,0.239,3.65,2.64,"(0.176,0.211)",different
diff. SGs,O8 U3,84595,65,mp-698,1714,189,mp-308,0.0031,0.0662,0.0738,"(0.0963,0.203)",similar
diff. SGs,Ba1 O4 W1,85883,63,mp-566504,34404,11,mp-641366,0.00513,0.239,0.53,"(0.0502,0.0864)",different
diff. SGs,F1 Tl1,86520,39,mp-558134,26379,129,mp-557835,0.000633,0.0242,0.0927,"(0.0255,0.0289)",similar
diff. SGs,O3 Sr1 Te1,152109,2,mp-667421,151964,9,mp-647158,0.000125,0.0685,0.00881,"(0.0137,0.0279)",similar
diff. SGs,C1 Li1 Na1 O3,41187,1,mp-556783,39892,174,mp-559533,3.15e-05,0.054,0.0598,"(0.0549,0.13)",similar
same SGs,Cu1 F3 K1,152123,140,mp-669347,7704,140,mp-3682,0.00413,0.111,0.24,,
diff. SGs,C2 Ca1,151768,2,mp-642822,21991,12,mp-917,0.0103,0.16,0.128,"(0.136,0.142)",different
diff. SGs,C2 Ca1,21991,12,mp-917,21990,15,mp-1575,0.000766,0.32,0.0466,"(0.123,0.147)",different
diff. SGs,F4 Na1 Y1,87315,174,mp-37267,85035,143,mp-34806,0.000103,0.0358,0.0258,"(0.0118,0.0397)",similar
diff. SGs,Cl3 Ti1,45048,163,mp-567330,45050,15,mp-571424,0.00135,0.0319,0.497,"(0.0426,0.0554)",similar
diff. SGs,Br4 Rb2 Zn1,34964,62,mp-570168,28187,14,mp-636598,0.00365,0.0376,0.154,"(0.0749,0.117)",similar
diff. SGs,Ca1 O3 Ti1,85408,74,mp-556003,1719,140,mp-3442,0.00745,0.234,0.00139,"(0.111,0.166)",different
diff. SGs,Mo2 O13 P3,86800,9,mp-540536,86740,15,mp-705358,0.0172,1.5,0.368,"(0.0199,0.0415)",different
diff. SGs,Ce1,22961,194,mp-20736,18713,63,mp-64,0.0489,0.0185,0.53,"(0.124,0.124)",different
diff. SGs,O13 V6,154941,63,mp-715617,10075,69,mp-566482,0.00414,0.276,0.0962,"(0.0434,0.0675)",different
diff. SGs,O13 V6,16989,12,mp-18896,84953,8,mp-19457,0.00253,0.337,0.0322,"(0.0978,0.25)",different
diff. SGs,Fe3 S4,41682,227,mp-21515,174898,166,mp-850016,0.0185,0.0019,0.172,"(0.031,0.0447)",different
diff. SGs,H1 Li2 N1,52416,160,mp-35695,51470,44,mp-34465,0.0213,0.294,0.23,"(0.105,0.182)",different
diff. SGs,F5 K2 Sb1,85619,14,mp-613518,37176,63,mp-3379,0.0392,0.0938,0.988,"(0.231,0.299)",different
diff. SGs,Bi1 O3 Sc1,85345,15,mp-555769,31923,9,mp-555313,0.000173,0.0238,0.0109,"(0.0377,0.0653)",similar
diff. SGs,Ce1 O4 P1,7579,181,mp-557624,9248,180,mp-8382,0.000105,0.0006,0.0123,"(0.000704,0.000863)",similar
diff. SGs,N1 Ta1,47586,191,mp-1497,25697,189,mp-1279,0.447,0,0.155,"(0.175,0.248)",different
diff. SGs,Ba1 Fe2 S4,152468,97,mp-676036,152289,79,mp-675078,0.0238,0,1.66,"(0.161,0.286)",different
diff. SGs,Ba1 Fe2 S4,152289,79,mp-675078,45255,87,mp-27660,0.0043,0,0.181,"(0.0474,0.107)",similar
diff. SGs,Mn4 O12 P3,87351,9,mp-585388,49579,161,mp-705354,0.00639,0.146,0.0485,"(0.0262,0.0486)",different
diff. SGs,K2 Mn2 O12 S3,40839,19,mp-565471,34770,198,mp-19525,0.00121,0.511,0.237,"(0.147,0.25)",different
diff. SGs,Cd1 H2 O2,150684,5,mp-625565,123988,164,mp-625548,0.0107,0.149,0.101,"(0.159,0.216)",different
diff. SGs,F1 O1 Y1,151650,12,mp-634896,7714,166,mp-3637,0.449,0.0853,1.07,"(0.0904,0.102)",different
diff. SGs,F3 Sc1,23002,221,mp-10694,8375,155,mp-559092,0.00203,0.0304,0.0107,"(0.0253,0.0292)",similar
diff. SGs,Co2 O4 Si1,85428,14,mp-555558,7207,62,mp-25474,0.0271,0.299,0.0266,"(0.0117,0.0339)",different
diff. SGs,H1 K2 N1 O6 S2,56980,9,mp-695383,90921,15,mp-706912,0.00551,0.207,0.226,"(0.0767,0.251)",different
diff. SGs,I1,97108,139,mp-601148,151717,71,mp-639751,0.0444,0,5.01,"(0,0)",different
diff. SGs,O8 P2 Pb3,8523,12,mp-553956,8082,166,mp-22750,0.000723,0.055,0.104,"(0.0357,0.0561)",similar
diff. SGs,O5 V3,26257,15,mp-542441,154920,9,mp-714911,0.0228,1.02,0.058,"(0.0222,0.0358)",different
diff. SGs,H1 O1 Rb1,100340,11,mp-643043,151106,4,mp-626721,0.00634,0.242,0.538,"(0.121,0.17)",different
diff. SGs,H1 O1 Rb1,100340,11,mp-643043,100339,36,mp-626620,0.00797,0.232,0.671,"(0.118,0.144)",different
diff. SGs,H1 O1 Rb1,151106,4,mp-626721,100339,36,mp-626620,0.00163,0.0102,0.134,"(0.0686,0.0835)",similar
diff. SGs,Bi2 O9 Sr1 Ta2,24091,41,mp-559951,23918,36,mp-23089,0.00936,0.189,0.0236,"(0.11,0.235)",different
diff. SGs,Cu2 O4 W1,85451,2,mp-505402,40965,1,mp-622026,0.00519,0.0378,0.22,"(0.0815,0.127)",similar
diff. SGs,Cu1 S1,4900,194,mp-504,10597,63,mp-555599,0.000404,0,0.00459,"(0.0427,0.0742)",similar
diff. SGs,Cr2 O12 P3,85217,167,mp-540211,49417,148,mp-540340,0.00368,0.01,0.175,"(0.155,0.229)",similar
diff. SGs,Cr2 O12 P3,85217,167,mp-540211,49357,2,mp-540317,0.00393,0.021,0.175,"(0.129,0.218)",similar
diff. SGs,Ba1 O3 Pr1,4867,74,mp-6909,4868,167,mp-6910,0.0055,0.0141,0.00386,"(0.0591,0.086)",similar
diff. SGs,Cr2 O12 P3,49428,60,mp-540345,49315,14,mp-540294,0.000633,0.0862,0.372,"(0.125,0.226)",similar
diff. SGs,Cr2 O12 P3,49417,148,mp-540340,49357,2,mp-540317,0.000249,0.011,0.000565,"(0.0674,0.141)",similar
diff. SGs,Ag1 In1 Se2,153116,43,mp-686712,51929,141,mp-35071,0.00146,0.0403,0.0294,"(0.0339,0.0475)",similar
diff. SGs,Li1 Ni2 O4,88590,148,mp-504102,88291,227,mp-632491,0.0203,0.0084,0.0686,"(0.0417,0.0623)",different
diff. SGs,Ca1 H2 O2,88055,164,mp-23879,151085,5,mp-626644,0.00923,0.157,0.0956,"(0.156,0.215)",different
diff. SGs,Fe1 O4 Sb2,2307,14,mp-601696,2306,135,mp-510588,0.119,0.224,0.534,"(0.074,0.109)",different
diff. SGs,Bi4 O12 Ti3,33936,9,mp-558277,99988,7,mp-723064,0.00373,0.113,0.0754,"(0.145,0.268)",different
diff. SGs,Bi4 O12 Ti3,33936,9,mp-558277,3657,41,mp-23427,0.00279,0.167,0.129,"(0.158,0.298)",different
diff. SGs,Bi4 O12 Ti3,99988,7,mp-723064,3657,41,mp-23427,0.00652,0.0534,0.0536,"(0.0522,0.0996)",similar
diff. SGs,H4 O3 Sr1,151102,4,mp-626727,88680,26,mp-28420,0.00213,0.0042,0.0928,"(0.0984,0.188)",similar
diff. SGs,Sn1,22812,229,mp-7162,19069,139,mp-55,0.0227,0.0997,0.178,"(0,0)",different
diff. SGs,Ca1 Cl2,6263,136,mp-22904,6262,58,mp-23214,0.000124,0.0401,0.214,"(0.0516,0.0631)",similar
diff. SGs,I1 K1 O3,34388,221,mp-558843,28220,160,mp-552729,0.201,2.57,3.78,"(0.112,0.122)",different
diff. SGs,Ca5 Cl1 O12 P3,87307,173,mp-39460,35254,176,mp-554236,0.00183,0.078,0.0503,"(0.0818,0.206)",similar
diff. SGs,Fe7 S8,174906,4,mp-850411,152959,14,mp-685128,0.00819,0,0.142,"(0.0308,0.0602)",similar
diff. SGs,Fe7 S8,42609,144,mp-21688,42593,152,mp-556435,0.0176,0.0228,0.425,"(0.0751,0.2)",different
diff. SGs,Co1 K1 O2,33568,122,mp-18895,85943,82,mp-557137,0.00982,0.0613,0.596,"(0.0666,0.0942)",similar
diff. SGs,O8 W3,84830,65,mp-19066,154936,8,mp-715557,0.011,0.728,0.0553,"(0.0157,0.0227)",different
diff. SGs,Ba1 La1 O6 Ru1 Zn1,55312,82,mp-677191,54915,1,mp-39259,0.00229,0.0458,0.123,"(0.0528,0.0817)",similar
diff. SGs,Na1 O11 V6,39380,36,mp-567072,39379,186,mp-25156,0.0168,0.575,0.148,"(0.0257,0.0472)",different
diff. SGs,Na1 O11 V6,39380,36,mp-567072,35130,194,mp-510616,0.0155,0.509,0.14,"(0.0349,0.0679)",different
diff. SGs,Na1 O11 V6,39379,186,mp-25156,35130,194,mp-510616,0.00128,0.0667,0.00827,"(0.0231,0.0339)",similar
diff. SGs,Cr1 O2,2615,136,mp-19177,2616,58,mp-715488,0.0849,0.0353,0.194,"(0.038,0.0466)",different
diff. SGs,Cr1 O2,87812,166,mp-25499,154922,12,mp-714929,0.0305,0.0835,0.543,"(0.0389,0.0511)",different
diff. SGs,O4 S1 Sn1,85499,2,mp-645774,35740,14,mp-645709,0.0068,0.218,0.374,"(0.159,0.277)",different
diff. SGs,O4 S1 Sn1,85499,2,mp-645774,31104,62,mp-542967,0.0115,0.0525,0.41,"(0.101,0.146)",different
diff. SGs,O4 S1 Sn1,35740,14,mp-645709,31104,62,mp-542967,0.00468,0.166,0.0362,"(0.174,0.242)",different
diff. SGs,Cu1 F4 K2,44076,140,mp-560238,39719,142,mp-2865,0.00351,0.23,0.134,"(0.0287,0.0594)",different
diff. SGs,H2 O4 P1 Tl1,106705,60,mp-643701,89857,14,mp-690711,0.00487,0.281,0.49,"(0.109,0.202)",different
diff. SGs,Ba1 O3 Pb1,11834,12,mp-20461,5587,140,mp-20991,0.00284,0.176,0.057,"(0.0454,0.0718)",different
diff. SGs,Ba1 O3 Pb1,11834,12,mp-20461,1941,74,mp-22230,8.57e-05,0.0375,0.00972,"(0.0248,0.0352)",similar
diff. SGs,Ba1 O3 Pb1,5587,140,mp-20991,1941,74,mp-22230,0.00275,0.139,0.0473,"(0.0571,0.0939)",different
diff. SGs,Cl4 K2 Zn1,15349,33,mp-618177,38492,62,mp-653454,0.00056,0.0039,0.178,"(0.0309,0.0427)",similar
diff. SGs,Ba1 O3 Tb1,42513,167,mp-548824,21080,74,mp-5735,0.000987,0,0.00268,"(0.0508,0.0838)",similar
diff. SGs,Ba1 O3 Tb1,42513,167,mp-548824,31359,140,mp-2939,0.00365,0,0.0518,"(0.0633,0.091)",similar
diff. SGs,Ba1 O3 Tb1,42513,167,mp-548824,19550,62,mp-20129,0.000456,0.008,0.00356,"(0.0896,0.127)",similar
diff. SGs,Ba1 O3 Tb1,21080,74,mp-5735,31359,140,mp-2939,0.00464,0,0.0544,"(0.0621,0.103)",similar
diff. SGs,Ba1 O3 Tb1,21080,74,mp-5735,19550,62,mp-20129,0.000531,0.008,0.000882,"(0.0513,0.0737)",similar
diff. SGs,Ba1 O3 Tb1,31359,140,mp-2939,19550,62,mp-20129,0.00411,0.008,0.0553,"(0.101,0.162)",similar
diff. SGs,O2 Se1,46888,55,mp-638005,14909,135,mp-726,0.0476,0.139,1.6,"(0.133,0.201)",different
diff. SGs,Cr1 F3 K1,86560,87,mp-560547,32294,12,mp-566698,0.00466,0.088,0.121,"(0.0472,0.0749)",similar
diff. SGs,Cr1 F3 K1,84820,221,mp-555036,1063,123,mp-566131,0.0538,1.1,0.393,"(9.98e-06,1.48e-05)",different
diff. SGs,Cs1 Li1 O4 S1,17179,14,mp-6726,10402,62,mp-6597,0.00328,0.0848,0.0162,"(0.0787,0.132)",similar
diff. SGs,C4 O4 Ru1,150434,45,mp-616541,13197,72,mp-655353,0.000355,0.0086,0.133,"(0.0134,0.0211)",similar
diff. SGs,Ca1 O4 S1,85999,181,mp-556372,3583,180,mp-3082,1.74e-05,0.0124,0.00205,"(0.00383,0.00563)",similar
diff. SGs,Al4 Fe1 Na6 O26 Si8,152900,5,mp-705484,57328,1,mp-42298,0.00072,0.196,0.00844,"(0.0339,0.0682)",different
diff. SGs,Al2 Ba1 O4,39433,182,mp-3828,14294,173,mp-4202,0.0036,0.155,0.038,"(0.0703,0.162)",different
diff. SGs,Al2 Ca1 H4 O10 Si2,88438,62,mp-505288,3585,33,mp-24603,0.00153,0.0234,0.0195,"(0.0448,0.1)",similar
diff. SGs,O3 Sr1 Zr1,42597,63,mp-3626,12210,62,mp-4387,0.00816,0.204,0.0484,"(0.0876,0.15)",different
diff. SGs,Hf1 O3 Pb1,43056,32,mp-669414,1259,55,mp-22734,0.00412,0.0741,0.215,"(0.101,0.246)",similar
diff. SGs,O9 Rb1 W3,87230,191,mp-565431,85137,10,mp-19617,0.0037,0,0.0524,"(0.00689,0.0197)",similar
diff. SGs,Ba2 Bi1 O6 Sb1,44990,12,mp-23127,10749,225,mp-545603,0.0087,0.054,0.0604,"(0.0861,0.141)",similar
diff. SGs,Ba2 Bi1 O6 Sb1,44990,12,mp-23127,4385,148,mp-23091,0.000144,0.0784,0.000318,"(0.0573,0.0816)",similar
diff. SGs,Ba2 Bi1 O6 Sb1,10749,225,mp-545603,4385,148,mp-23091,0.00855,0.132,0.0608,"(0.067,0.0834)",different
diff. SGs,Bi1 O4 V1,10204,88,mp-25122,9092,15,mp-504878,3.92e-05,0.04,0.0275,"(0.0415,0.0508)",similar
diff. SGs,Ca1 Si2,2110,191,mp-12892,2109,164,mp-8372,0.0642,0,1.16,"(0.119,0.146)",different
diff. SGs,Ca1 O5 Si1 Ti1,9205,14,mp-6109,9202,15,mp-6440,8.99e-05,0.0448,0.0143,"(0.017,0.0432)",similar
diff. SGs,Fe1 S2,150428,54,mp-615366,174897,13,mp-850009,0.00115,0.0206,0.357,"(0.0287,0.0349)",similar
diff. SGs,Ag1 Ge1 O3,174794,18,mp-779706,174792,26,mp-779664,0.00435,0.0157,0.584,"(0.0331,0.0497)",similar
diff. SGs,H3 Nd1 O3,150629,11,mp-625403,150622,176,mp-625397,0.000405,0.0078,0.285,"(0.0281,0.0716)",similar
diff. SGs,H3 Nd1 O3,150622,176,mp-625397,150985,11,mp-626369,0.000223,0.152,0.251,"(0.169,0.299)",different
diff. SGs,Cu1 Nd2 O4,84923,12,mp-33916,12323,139,mp-4158,0.0402,0.707,0.291,"(0.0115,0.0209)",different
diff. SGs,K1 O6 Os2,51139,160,mp-675028,2401,227,mp-4788,0.000398,0.0081,0.0269,"(0.0329,0.121)",similar
same SGs,O4 Sr1 U1,153816,12,mp-697836,151651,12,mp-634900,0.0816,2.07,0.175,,
diff. SGs,Al2 O12 W3,86586,18,mp-566398,43456,14,mp-556505,3.65e-05,0.0003,0.00897,"(0.0445,0.0912)",similar
diff. SGs,Al2 O12 W3,86586,18,mp-566398,11232,60,mp-19516,0.000165,0.0628,0.023,"(0.0329,0.0792)",similar
diff. SGs,C2 Ca1 H2 O4,5309,96,mp-560511,1177,92,mp-560210,0.000544,0.0354,0.217,"(0.0269,0.0367)",similar
diff. SGs,Al2 O12 W3,43456,14,mp-556505,11232,60,mp-19516,0.000128,0.0625,0.014,"(0.0566,0.109)",similar
diff. SGs,Co1 H2 O2,150825,5,mp-625953,88318,164,mp-25489,0.14,2.48,0.363,"(0.161,0.223)",different
diff. SGs,Ba1 H4 O3,151113,2,mp-626735,151098,11,mp-626726,0.000732,0.0471,0.201,"(0.045,0.0714)",similar
diff. SGs,Ba2 Ir1 La1 O6,84604,12,mp-15889,34051,148,mp-550081,0.00101,0,0.0214,"(0.097,0.174)",similar
diff. SGs,H2 Mn1 O2,151091,5,mp-626701,87685,164,mp-25546,0.0126,0.116,0.0768,"(0.172,0.228)",different
diff. SGs,Li2 Mo1 O3,152407,2,mp-694855,52621,12,mp-35975,0.0283,0.24,0.00566,"(0.0631,0.101)",different
diff. SGs,Al1 F7 Mg1 Na2,85450,46,mp-19931,18264,74,mp-6319,0.00192,0.0138,0.00405,"(0.0287,0.0891)",similar
diff. SGs,Al4 Ba1 Na2 O16 Si4,153060,9,mp-686310,34590,45,mp-6875,0.0023,0.023,0.111,"(0.0214,0.0428)",similar
diff. SGs,P1 Se3 Sn1,28424,14,mp-5706,18218,7,mp-570370,0.00315,0.195,0.108,"(0.0424,0.0912)",different
diff. SGs,Ba1 Mn2 O6 Y1,84738,13,mp-18739,34183,12,mp-565380,0.00674,0,0.0157,"(0.0596,0.111)",similar
diff. SGs,Al3 F19 Pb5,25178,140,mp-557911,22068,2,mp-558703,0.0152,0.305,0.237,"(0.173,0.285)",different
diff. SGs,Al3 F19 Pb5,25178,140,mp-557911,15125,87,mp-558775,0.0125,0.196,0.27,"(0.169,0.275)",different
diff. SGs,Al3 F19 Pb5,22068,2,mp-558703,15125,87,mp-558775,0.00274,0.109,0.0328,"(0.0546,0.147)",different
diff. SGs,O4 Pb3,31811,135,mp-22633,19934,55,mp-21452,0.00041,0.0253,0.0143,"(0.0179,0.0283)",similar
diff. SGs,Co1 O6 Sr2 W1,35572,87,mp-18771,34397,225,mp-561559,0.00623,0.0332,0.0916,"(0.075,0.116)",similar
diff. SGs,Al1 N1,4923,194,mp-13178,616,186,mp-661,0.115,0.789,0.686,"(0.119,0.119)",different
diff. SGs,Ga1 La1 O3,86284,74,mp-556983,1760,167,mp-3336,0.000635,0.182,0.00545,"(0.0766,0.113)",different
diff. SGs,Au1 Te2,14861,164,mp-1662,1202,12,mp-567525,0.00107,0,0.0246,"(0.0462,0.0566)",similar
diff. SGs,Cu1 Se1,16492,194,mp-488,15705,63,mp-571486,0.000555,0,0.0351,"(0.0494,0.0863)",similar
same SGs,Cr1 Cu1 O2,174841,166,mp-795616,3091,166,mp-510625,0.000749,0.0123,0.0206,,
diff. SGs,Na3 O12 W4,54215,71,mp-38257,51884,229,mp-35005,0.00111,0.0053,0.0982,"(0.0537,0.0675)",similar
diff. SGs,F6 K1 Rb2 Sc1,15452,225,mp-9349,15451,87,mp-9348,0.00928,0.14,0.222,"(0.0509,0.0804)",different
diff. SGs,Mn7 O15 Pb3,36942,63,mp-649813,10838,193,mp-585548,0.00137,0,0.0862,"(0.0217,0.0473)",similar
diff. SGs,F3 K1 Mn1,110102,11,mp-644332,7883,62,mp-558046,0.00159,0.0936,0.122,"(0.18,0.355)",similar
diff. SGs,F3 K1 Mn1,14287,140,mp-555359,8510,221,mp-555123,0.002,0.117,0.113,"(0.0182,0.0265)",different
diff. SGs,Ba2 Bi1 O6 Ta1,34198,225,mp-552200,1711,12,mp-545544,0.0143,0.138,0.135,"(0.0963,0.144)",different
diff. SGs,Ba2 Bi1 O6 Ta1,34198,225,mp-552200,1710,148,mp-23092,0.014,0.0904,0.148,"(0.0803,0.104)",different
diff. SGs,Ba2 Bi1 O6 Ta1,1711,12,mp-545544,1710,148,mp-23092,0.00028,0.0471,0.013,"(0.0558,0.09)",similar
diff. SGs,Ba2 La1 O6 Ru1,85471,12,mp-554410,2420,148,mp-12911,0.000161,0.0476,0.00239,"(0.0472,0.086)",similar
diff. SGs,Cl3 Cs1 Pb1,51128,155,mp-675022,3374,221,mp-23037,0.0034,0.121,0.0368,"(0.126,0.162)",different
diff. SGs,Cl4 Rb2 Zn1,12061,33,mp-616185,8330,62,mp-608314,0.000461,0.0275,0.166,"(0.0175,0.0371)",similar
diff. SGs,O1 Sn1,87153,31,mp-545552,7249,129,mp-2097,0.0727,0.998,1.74,"(0.253,0.292)",different
diff. SGs,Hg1 S1,14936,154,mp-9252,16580,152,mp-634,6.09e-05,0.0205,0.119,"(0.0661,0.0924)",similar
diff. SGs,Hg1 S1,14936,154,mp-9252,9074,152,mp-558819,0.163,1.69,5.26,"(0.17,0.228)",different
diff. SGs,O1 Sn1,86987,64,mp-545820,7249,129,mp-2097,0.00099,0.126,0.327,"(0.0275,0.0304)",different
diff. SGs,Ba1 Ce1 O3,14655,74,mp-3316,39588,167,mp-4900,0.00152,0.0167,0.0109,"(0.0639,0.0977)",similar
diff. SGs,O4 Se1 Tl2,46482,19,mp-559961,6082,62,mp-4449,0.00106,0.081,0.0215,"(0.129,0.223)",similar
diff. SGs,O5 Ti3,45094,12,mp-556480,26301,63,mp-8057,0.00863,0.0003,0.0904,"(0.0317,0.043)",similar
diff. SGs,K1 Nb1 O3,9712,160,mp-7375,9706,38,mp-5246,8.43e-05,0.235,0.0258,"(0.0225,0.0367)",different
diff. SGs,K1 Nb1 O3,9712,160,mp-7375,9702,99,mp-4342,0.00207,0.817,0.0105,"(0.0317,0.0528)",different
diff. SGs,K1 Nb1 O3,9706,38,mp-5246,9702,99,mp-4342,0.00198,0.583,0.0154,"(0.0253,0.0413)",different
diff. SGs,Bi2 Mo1 O6,42409,61,mp-567075,38007,29,mp-25708,0.0444,1.54,0.787,"(0.121,0.277)",different
diff. SGs,Ba1 Si2,24041,191,mp-7701,21994,164,mp-7655,0.0191,0.0524,0.415,"(0.0952,0.117)",different
diff. SGs,Ba1 S3 V1,34204,8,mp-542818,10410,20,mp-555857,0.00278,0.0063,0.0413,"(0.051,0.08)",similar
diff. SGs,Ba1 S3 V1,34204,8,mp-542818,1993,36,mp-3451,0.00069,0.0063,0.0317,"(0.0204,0.0386)",similar
diff. SGs,Ba1 S3 V1,34204,8,mp-542818,1992,194,mp-4227,0.0132,0.0063,0.0876,"(0.0509,0.102)",different
diff. SGs,Ba1 S3 V1,10410,20,mp-555857,1993,36,mp-3451,0.00347,0,0.0731,"(0.0465,0.071)",similar
diff. SGs,Ba1 S3 V1,10410,20,mp-555857,1992,194,mp-4227,0.0104,0,0.129,"(0.0227,0.0289)",different
diff. SGs,Ba1 S3 V1,1993,36,mp-3451,1992,194,mp-4227,0.0139,0,0.0559,"(0.0459,0.0938)",different
diff. SGs,Cu1 Ge1 Yb1,29815,186,mp-567768,5768,194,mp-5111,0.000989,0,0.0215,"(0.0689,0.0889)",similar
diff. SGs,Cd1 O6 Sr2 W1,84794,59,mp-18888,5628,14,mp-19014,0.0782,0.107,0.444,"(0.182,0.275)",different
diff. SGs,Cd1 O6 Sr2 W1,35621,87,mp-18757,13387,225,mp-18903,0.0577,0.221,0.302,"(0.0921,0.146)",different
diff. SGs,Er5 Si4,34572,62,mp-568446,34358,14,mp-775,0.00083,0,0.108,"(0.087,0.166)",similar
diff. SGs,Na2 O7 P2 Zn1,56358,14,mp-40963,22021,136,mp-6491,0.00342,0.0065,0.164,"(0.0442,0.152)",similar
diff. SGs,Cu2 O3 Sr1,84630,59,mp-3255,6949,65,mp-5938,0.00055,0,0.00181,"(0.0197,0.0352)",similar
diff. SGs,Ag10 Br3 Te4,32421,36,mp-568386,32420,63,mp-568392,0.00211,0.0464,0.0776,"(0.0829,0.178)",similar
diff. SGs,H1 In1 O2,92257,58,mp-632711,88787,31,mp-504535,0.0117,1.73,0.176,"(0.0488,0.0876)",different
diff. SGs,Mo3 O8 Sc1,151517,5,mp-632694,88327,1,mp-25572,0.00987,0.158,0.0529,"(0.0082,0.0183)",different
diff. SGs,F6 Fe1 Zr1,8353,148,mp-608338,8347,225,mp-554971,0.0319,0.0423,0.813,"(0.145,0.167)",different
same SGs,H1 Lu1 O2,150589,4,mp-625367,150588,4,mp-625370,0.00494,0.19,0.016,,
diff. SGs,Bi1 O6 Pb2 V1,43811,7,mp-704114,33939,14,mp-640883,0.00138,0.0468,0.0868,"(0.0875,0.21)",similar
diff. SGs,H2 O4 Se1,150855,4,mp-626024,88346,19,mp-23866,0.00245,0.0047,0.215,"(0.0592,0.0922)",similar
diff. SGs,Hg3 O6 S1,36190,152,mp-560316,27764,144,mp-30890,0.000924,0.0149,0.126,"(0.122,0.228)",similar
diff. SGs,P2 Zn1,26229,92,mp-2782,24984,96,mp-11025,4.36e-06,0.0003,0.0015,"(0.00484,0.00677)",similar
diff. SGs,C4 Cd1 N6,46110,58,mp-11646,28150,14,mp-636559,0.00571,0.0056,0.821,"(0.0896,0.138)",similar
diff. SGs,Al1 F6 Na3,54292,148,mp-676512,39681,71,mp-5468,0.0471,0.666,0.501,"(0.177,0.249)",different
diff. SGs,As1 Ni1,12104,36,mp-590,6382,194,mp-2346,0.000861,0,0.02,"(0.0158,0.0183)",similar
diff. SGs,H3 O3 Pr1,150639,176,mp-625447,150636,6,mp-625452,0.00203,0.0667,0.26,"(0.0916,0.272)",similar
diff. SGs,H3 O3 Pr1,150639,176,mp-625447,150984,11,mp-626361,0.00154,0.102,0.158,"(0.168,0.298)",different
diff. SGs,H3 O3 Pr1,150636,6,mp-625452,150984,11,mp-626361,0.00049,0.0348,0.103,"(0.105,0.217)",similar
diff. SGs,Fe2 O12 P3,49533,148,mp-25661,49391,167,mp-540329,0.000606,0.0094,0.641,"(0.17,0.252)",similar
diff. SGs,B4 La1 O12 Sc3,40170,15,mp-6217,21072,9,mp-554815,0.000294,0.003,0.00643,"(0.0307,0.0476)",similar
diff. SGs,Co1 La2 O4,85255,139,mp-561684,16200,64,mp-540693,0.0667,0.175,0.7,"(0.0589,0.114)",different
diff. SGs,Au1 Mg3,44806,165,mp-1557,6752,185,mp-17783,0.000231,0.0072,0.0221,"(0.0792,0.131)",similar
diff. SGs,Nb2 O12 Pb4 Ti1 Zn1,152873,1,mp-684723,152872,8,mp-684721,0.0074,0.111,0.0604,"(0.0634,0.225)",different
diff. SGs,Ba2 La1 O6 Ta1,3712,148,mp-13056,3707,12,mp-13055,0.000415,0.004,0.00412,"(0.0597,0.0944)",similar
diff. SGs,Ba3 Na1 O9 Ru2,86120,51,mp-555258,43832,194,mp-542123,0.000384,0.0627,0.0821,"(0.0334,0.0576)",similar
diff. SGs,C2 Cl4 H12 Mn1 N2,407,138,mp-569124,405,56,mp-600219,0.00141,0.0208,0.116,"(0.0531,0.0899)",similar
diff. SGs,B2 Cu2 O6 Sr1,43937,140,mp-558472,15271,121,mp-6602,0.00379,0.0587,0.0629,"(0.0594,0.11)",similar
diff. SGs,Al1 K1 O8 S2,42591,150,mp-669367,84824,164,mp-7645,0.0118,0.0296,0.11,"(0.14,0.197)",different
diff. SGs,Cu3 P1,48420,165,mp-14012,13190,185,mp-7463,0.000768,0.0246,0.0336,"(0.0786,0.148)",similar
diff. SGs,Cr1 O4 W1,85053,69,mp-609356,84826,65,mp-18785,0.0551,1.67,0.0738,"(0.0249,0.0482)",different
diff. SGs,Cr1 O4 W1,85053,69,mp-609356,8537,12,mp-608594,0.0343,0,0.104,"(0.0427,0.0847)",different
diff. SGs,Cr1 O4 W1,84826,65,mp-18785,8537,12,mp-608594,0.0894,1.67,0.178,"(0.0452,0.0698)",different
diff. SGs,Cr2 Ni1 O4,16191,227,mp-19303,9129,141,mp-19344,0.166,2.43,0.0792,"(0.0196,0.026)",different
diff. SGs,Ga1 Mn1 Ni2,2361,225,mp-20228,1748,139,mp-601285,7.14e-05,0.034,0.0374,"(5e-16,8.19e-16)",similar
diff. SGs,Cl2 Co1,153478,164,mp-696114,151490,12,mp-632413,0.00879,0.789,0.27,"(0.00764,0.00936)",different
diff. SGs,Br4 K2 Zn1,14253,4,mp-23535,14252,11,mp-23495,0.000954,0.185,0.301,"(0.0244,0.0349)",different
diff. SGs,O3 Pb1 Ti1,4145,99,mp-20459,1788,221,mp-19845,0.0391,0.232,1.24,"(0.0862,0.134)",different
diff. SGs,Mg1 Mo6 Se8,52982,2,mp-675833,52714,1,mp-675743,0.00256,0,0.0609,"(0.0564,0.214)",similar
diff. SGs,F6 S1,101017,2,mp-642824,10462,12,mp-975,0.00497,0.0482,0.901,"(0.0467,0.0926)",similar
diff. SGs,O8 Pb3 V2,12406,5,mp-25142,12405,166,mp-25110,0.0295,0.073,0.996,"(0.16,0.264)",different
diff. SGs,Br3 Cs1 Ge1,151759,8,mp-642739,15190,221,mp-570223,0.0129,1.4,2.98,"(0.0549,0.0841)",different
diff. SGs,Cu1 O6 Sb2,85575,58,mp-554658,16275,136,mp-5831,0.000821,0,0.00764,"(0.017,0.0271)",similar
diff. SGs,Ca2 Fe1 O6 W1,85066,44,mp-541519,150439,166,mp-619611,0.0403,0.761,0.293,"(0.0313,0.0582)",different
diff. SGs,Ca2 Fe1 O6 W1,85066,44,mp-541519,15493,225,mp-19059,0.013,1.65,0.371,"(0.011,0.0142)",different
diff. SGs,Ca2 Fe1 O6 W1,150439,166,mp-619611,15493,225,mp-19059,0.0273,0.889,0.0777,"(0.031,0.0585)",different
diff. SGs,Cd1 Cs1 N3 O6,22577,146,mp-6628,2573,200,mp-22378,1.01,2.44,4.99,"(0.179,0.241)",different
diff. SGs,H3 O3 Y1,150735,11,mp-625718,150721,173,mp-625677,0.00248,0.0448,0.153,"(0.199,0.294)",similar
diff. SGs,H3 O3 Y1,150735,11,mp-625718,88390,176,mp-24076,0.00359,0.113,0.117,"(0.0785,0.15)",different
diff. SGs,Ba1 O5 Ti2,28056,5,mp-555966,1742,12,mp-3943,0.00302,0.316,0.026,"(0.0262,0.0674)",different
diff. SGs,Co2 O7 P2,85683,2,mp-559953,13965,12,mp-24860,0.00325,0.055,0.013,"(0.0223,0.029)",similar
diff. SGs,Ca1 Mo1 O6 Sr2,84584,59,mp-19100,29819,14,mp-19116,0.065,0.302,0.537,"(0.187,0.276)",different
diff. SGs,K2 O7 Zn6,86346,136,mp-540728,19843,102,mp-559112,0.000982,0.0273,0.0203,"(0.0594,0.152)",similar
diff. SGs,Br6 K2 Sn1,36797,14,mp-574040,154535,128,mp-707190,0.00463,0.03,0.332,"(0.0912,0.111)",similar
diff. SGs,Ca1 Ge2 O5,85643,2,mp-554678,33904,15,mp-3707,0.000226,0.248,0.0634,"(0.0421,0.0678)",different
diff. SGs,Cr2 S3,40646,163,mp-13685,174880,143,mp-849083,0.0132,0.13,0.916,"(0.0254,0.0484)",different
diff. SGs,Cr2 S3,174879,146,mp-849081,16869,148,mp-555569,0.0351,0.42,0.0455,"(0.0254,0.0448)",different
diff. SGs,N6 Pb1,39653,62,mp-667338,17222,33,mp-620058,0.000372,0.0055,0.185,"(0.0811,0.224)",similar
diff. SGs,In1 Pd3,86186,221,mp-31337,31311,123,mp-510436,0.00065,0.0103,0.0217,"(0,0)",similar
diff. SGs,B2 K3 Nb3 O12,40396,189,mp-15248,16146,157,mp-558828,0.00362,0.425,0.149,"(0.0217,0.0352)",different
diff. SGs,Cl3 Cu1 Rb1,43460,15,mp-568857,39494,5,mp-571305,0.00103,0.0001,0.121,"(0.0494,0.0698)",similar
diff. SGs,H3 Li1 O2,150559,2,mp-625211,88271,12,mp-27281,0.000483,0.334,0.0264,"(0.138,0.232)",different
diff. SGs,Ga1 Mo4 S8,3202,160,mp-559694,3200,216,mp-2885,1.95e-05,0.032,0.0214,"(0.0129,0.0273)",similar
diff. SGs,C6 Cr1 K3 N6,35563,60,mp-645346,22542,14,mp-568773,0.00145,0.0706,0.404,"(0.0956,0.152)",similar
diff. SGs,O3 Sn1 Sr1,1825,140,mp-12867,1824,74,mp-12866,0.00552,0.0568,0.0278,"(0.0527,0.0847)",similar
diff. SGs,Cu1 F6 Zr1,7627,2,mp-560865,7626,148,mp-8096,0.000643,0.0286,0.0589,"(0.102,0.152)",similar
diff. SGs,Ag1 N1 O3,32304,61,mp-638686,43422,19,mp-669466,0.00268,0.0074,0.163,"(0.0576,0.118)",similar
diff. SGs,As1 Nd1 Pd1,13049,186,mp-8950,13048,194,mp-8949,0.000792,0,0.044,"(0.0165,0.0205)",similar
diff. SGs,Co1 Mo1 O6 Sr2,1827,87,mp-18805,86611,139,mp-560723,0.0834,0.262,0.286,"(0.0683,0.107)",different
diff. SGs,Co1 Mo1 O6 Sr2,1827,87,mp-18805,1826,225,mp-510546,0.0715,1.05,0.0979,"(0.0657,0.104)",different
diff. SGs,Co1 Mo1 O6 Sr2,86611,139,mp-560723,1826,225,mp-510546,0.0119,0.793,0.189,"(0.0223,0.0322)",different
diff. SGs,H12 Ni1 O10 S1,102779,96,mp-743594,3269,92,mp-578721,0.00138,0.0732,0.0777,"(0.0079,0.0163)",similar
diff. SGs,Ce2 O2 Sb1,152962,12,mp-685137,8828,139,mp-20356,0.0352,0.0002,0.313,"(0.0109,0.0169)",different
diff. SGs,Rb2 Te1,36113,62,mp-568745,36110,194,mp-383,0.000367,0.0007,0.11,"(0.0185,0.0224)",similar
diff. SGs,Ba1 Mn2 O6 Tb1,86457,51,mp-566190,1928,65,mp-565720,0.00841,0,0.0249,"(0.0687,0.129)",similar
diff. SGs,Ba2 O6 Sr1 W1,6050,148,mp-19078,5584,12,mp-18764,0.000724,0.103,0.0103,"(0.126,0.219)",different
diff. SGs,O2 Si1,35247,119,mp-644923,35248,44,mp-554946,0.005,0.0253,0.355,"(0.0923,0.195)",similar
diff. SGs,F3 Nd1,37867,185,mp-18511,34416,165,mp-254,0.0012,0.0516,0.0107,"(0.0671,0.112)",similar
diff. SGs,H2 La1 Na1 O9 S2,84993,144,mp-677384,3179,152,mp-557508,0.0637,0.04,0.407,"(0.0896,0.145)",different
diff. SGs,Fe4 S5,174905,3,mp-850249,155022,75,mp-850083,0.000427,0.0312,0.118,"(0.00321,0.00576)",similar
diff. SGs,O13 V7,85828,2,mp-556332,85441,1,mp-715598,0.00746,0.0306,0.00835,"(0.0267,0.0716)",similar
diff. SGs,H1 Mo2 O6,150862,6,mp-626087,150860,1,mp-626138,0.00495,0,0.245,"(0.106,0.3)",similar
diff. SGs,O17 V9,154915,1,mp-716723,86817,2,mp-565758,0.011,0.102,0.0222,"(0.0236,0.0543)",different
diff. SGs,Ba1 Mo6 S8,11684,148,mp-3835,11683,2,mp-5716,0.00219,0.0031,0.133,"(0.014,0.0278)",similar
same SGs,O2 Si1,34374,154,mp-549166,1800,154,mp-6930,0.000938,0.0012,0.254,,
diff. SGs,Bi1 O5 Pb1 V1,9813,1,mp-566459,6030,2,mp-510666,0.00157,0.0312,0.0589,"(0.0593,0.12)",similar
diff. SGs,Bi1 O5 Pb1 V1,6031,12,mp-542975,6030,2,mp-510666,0.0186,0.388,0.637,"(0.0949,0.155)",different
diff. SGs,O2 Si1,34374,154,mp-549166,1799,152,mp-7000,0.00127,0.0122,0.268,"(0.194,0.289)",similar
diff. SGs,O1 V1,154252,166,mp-714885,2550,225,mp-19184,0.124,0.319,0.45,"(2.64e-05,2.64e-05)",different
diff. SGs,Ca1 F3 K1,108466,11,mp-643749,1850,62,mp-5926,0.00185,0.0485,0.0085,"(0.111,0.166)",similar
diff. SGs,Ca1 F6 Sn1,8352,148,mp-4782,8345,225,mp-8224,0.00141,0.0302,1.02,"(0.128,0.148)",similar
diff. SGs,Co1 Cu4 O8,160816,2,mp-773271,174138,12,mp-773277,0.014,0,0.592,"(0.0333,0.0642)",different
diff. SGs,Ba2 O6 Pr1 Ru1,84663,12,mp-6183,34412,225,mp-12912,0.00484,0.0792,0.0778,"(0.08,0.12)",similar
diff. SGs,Ba3 Ca1 O9 Ru2,39808,190,mp-541485,37558,194,mp-6443,0.000963,0.0804,0.00705,"(0.0468,0.0633)",similar
diff. SGs,Ce1 Nb1 O4,29923,88,mp-557564,16128,15,mp-7550,0.00563,0,0.438,"(0.0744,0.106)",similar
diff. SGs,I1 O3 Tl1,42614,221,mp-546200,10072,160,mp-22981,0.242,2.76,3.93,"(0.107,0.111)",different
diff. SGs,H3 O3 Tb1,150626,176,mp-625416,150625,11,mp-625415,0.00214,0.0867,0.0358,"(0.123,0.23)",similar
diff. SGs,K6 O7 Ti2,86399,7,mp-560228,46289,14,mp-5455,0.000314,0.0061,0.0368,"(0.0189,0.0282)",similar
diff. SGs,Br6 Rb2 Sb1,47803,141,mp-540811,37422,88,mp-568477,0.000917,0.0061,0.0701,"(0.0494,0.0863)",similar
diff. SGs,Cu1 H2 O2,150525,4,mp-625179,88766,36,mp-505105,0.00499,0.124,0.232,"(0.136,0.261)",different
diff. SGs,Cs1 H24 O20 S2 Ti1,113332,205,mp-699489,113333,61,mp-699488,0.000431,0.0011,0.00398,"(0.017,0.0317)",similar
diff. SGs,Ba1 H2 N2 O5,88683,170,mp-541657,88678,169,mp-541221,0.000591,0.0275,0.0435,"(0.0313,0.0689)",similar
diff. SGs,Fe1 H1 Li1 O5 P1,125548,2,mp-771864,153041,1,mp-705884,0.00193,0.0978,0.0568,"(0.0441,0.0931)",similar
diff. SGs,Li1 Mo2 O4,151685,74,mp-636380,88426,15,mp-25576,0.0277,0.13,0.416,"(0.0195,0.0261)",different
diff. SGs,H2 Ti1,88024,225,mp-24161,87986,139,mp-24726,0.00192,0.0161,0.0296,"(3.35e-16,4.6e-16)",similar
diff. SGs,Dy3 Ge4,150418,36,mp-612918,16181,63,mp-655448,0.00132,0.0096,0.174,"(0.0306,0.0607)",similar
diff. SGs,Ba1 Fe1 O10 Si4,5640,18,mp-504885,2884,129,mp-603263,0.00908,0.0981,0.115,"(0.15,0.267)",similar
diff. SGs,F3 Ni1,84614,167,mp-561428,20749,148,mp-614777,0.0258,0,0.278,"(0.0197,0.0228)",different
diff. SGs,Ga1 Nb4 S8,34749,-1,mp-641874,3221,216,mp-4139,0.000497,0.0251,0.00618,"(0.0138,0.0207)",similar
diff. SGs,As1 Cr2 H1 K2 O10,100056,145,mp-744205,100055,144,mp-744181,6.91e-05,0.0171,0.00317,"(0.0377,0.149)",similar
diff. SGs,H2 Mg1 O2,150892,5,mp-626143,88167,164,mp-30247,0.00894,0.0144,0.113,"(0.161,0.224)",similar
diff. SGs,Cd1 Cr2 H14 N4 O8,87823,2,mp-24929,106377,12,mp-743876,0.00203,0.0502,0.236,"(0.0954,0.176)",similar
diff. SGs,Na4 O12 Si3 Zr2,44078,161,mp-555472,23605,167,mp-6150,0.000287,0.0109,0.0244,"(0.111,0.248)",similar
diff. SGs,Cl3 Cr1 Rb1,43459,15,mp-30027,36798,5,mp-568864,0.000764,0.0246,0.188,"(0.0205,0.0477)",similar
diff. SGs,Cs1 O4 P1 Zn1,40438,62,mp-18673,40437,33,mp-559752,0.0125,0.0776,0.37,"(0.103,0.165)",different
diff. SGs,Mn1 O3 Sr1,34715,20,mp-568977,17431,194,mp-19001,0.00833,0.184,0.0288,"(0.0386,0.0613)",different
diff. SGs,O6 Pb3 S1,10036,2,mp-559143,10035,11,mp-22023,0.00189,0.0581,0.181,"(0.0548,0.121)",similar
diff. SGs,Cu2 H12 Mg2 O15 P2,174220,9,mp-759001,155630,15,mp-740757,0.0039,0.318,0.00794,"(0.0364,0.111)",different
diff. SGs,Mn4 Si7,87409,54,mp-568121,44068,116,mp-680339,0.000622,0.705,0.0371,"(0.037,0.0754)",different
diff. SGs,Ba2 Co1 O4,84772,14,mp-19625,40131,62,mp-19602,0.00564,0.123,0.207,"(0.115,0.196)",different
diff. SGs,Cr3 S4,174874,11,mp-849071,16571,12,mp-964,0.0195,0.0052,0.643,"(0.0124,0.0209)",different
diff. SGs,F14 Fe3 Na5,85596,136,mp-554284,33843,14,mp-566089,0.0213,0.0548,0.497,"(0.157,0.277)",different
diff. SGs,Pt2 Te3,42302,12,mp-570562,11077,166,mp-541180,0.00762,0.112,0.0478,"(0.0337,0.0479)",different
diff. SGs,K1 O18 W6,152301,162,mp-690117,87180,191,mp-34278,0.000404,0.218,0.0198,"(0.031,0.0617)",different
diff. SGs,Co3 Li9 O29 P8,86854,15,mp-585361,49772,165,mp-585348,0.0198,0.963,0.399,"(0.029,0.056)",different
diff. SGs,Al4 La1,85698,44,mp-571423,44141,139,mp-21109,0.000646,0.0105,0.0116,"(0.0206,0.0308)",similar
diff. SGs,Cl3 Cs1 Cu1,51544,194,mp-675287,43455,186,mp-567366,0.000323,0.0017,0.107,"(0.0459,0.0527)",similar
diff. SGs,Cr1 Si2,25567,181,mp-11191,13016,180,mp-1222,1.48e-06,0.0002,0.00456,"(0.00279,0.00341)",similar
diff. SGs,In10 Pb6 S21,150458,2,mp-622755,152091,8,mp-662823,7.53e-05,0.284,0.00296,"(0.0104,0.0182)",different
diff. SGs,Cr1 I6 Tl4,39477,66,mp-23391,8541,128,mp-567325,0.00752,0.474,0.391,"(0.0242,0.0399)",different
diff. SGs,Ba2 Ca1 O6 W1,48219,12,mp-19098,35825,87,mp-19182,4.22e-06,0.0551,0.0276,"(0.0598,0.0866)",similar
diff. SGs,Ba2 Ca1 O6 W1,48219,12,mp-19098,6048,225,mp-18977,0.00299,0.147,0.00366,"(0.0649,0.0857)",different
diff. SGs,Ba2 Ca1 O6 W1,35825,87,mp-19182,6048,225,mp-18977,0.00299,0.0917,0.0312,"(0.0663,0.105)",similar
diff. SGs,Bi1 In1 O3,32039,62,mp-561102,32038,33,mp-556892,0.0107,0.345,0.356,"(0.1,0.184)",different
diff. SGs,La2 Mn1 Na1 O9 Ti2,152726,1,mp-694960,55090,5,mp-690559,0.000748,0.113,0.00219,"(0.0745,0.118)",different
diff. SGs,Bi10 Cu5 O29 Sr10,152117,1,mp-667638,152021,5,mp-652781,0.00438,0.0645,0.252,"(0.0303,0.188)",similar
diff. SGs,Cd1 P2,31088,92,mp-12112,10195,96,mp-913,4.45e-07,0.0685,0.00157,"(0.00533,0.00703)",similar
diff. SGs,Nb2 O12 P3,49400,2,mp-540332,38797,167,mp-17242,0.00201,0.0154,0.0158,"(0.1,0.173)",similar
diff. SGs,Mo6 S8 Sr1,38339,2,mp-8736,37652,148,mp-3043,0.000198,0,0.19,"(0.0496,0.0749)",similar
diff. SGs,Bi1 Ni1 O3,85180,11,mp-25096,84932,62,mp-646522,0.013,0.369,0.0595,"(0.0968,0.157)",different
diff. SGs,In20 Ni11 Tb4,151974,2,mp-648006,35724,12,mp-684517,0.0475,0,1.24,"(0.00897,0.0137)",different
diff. SGs,Au2 C4 N4 Zn1,36332,180,mp-647252,35043,181,mp-542891,0.00332,0.167,0.592,"(0.0351,0.0561)",different
diff. SGs,Li3 Mn2 O4,87052,74,mp-33314,50488,15,mp-691164,0.0157,0.263,0.191,"(0.0672,0.134)",different
diff. SGs,O23 Rb6 Si10,35325,189,mp-561189,35324,38,mp-555837,0.00783,0.202,0.467,"(0.144,0.281)",different
diff. SGs,Co2 Ge1 O4,87159,74,mp-561853,4391,227,mp-18758,0.0394,1.14,0.0086,"(0.0308,0.0405)",different
diff. SGs,Br1 Mn1 Sb1 Se2,151713,6,mp-639335,32270,55,mp-655834,0.000178,0.0246,0.222,"(0.11,0.237)",similar
diff. SGs,Na1 S2 Sb1,12906,15,mp-5414,9522,12,mp-557179,0.0205,0.429,0.767,"(0.0737,0.127)",different
diff. SGs,Ba2 Mo1 Nd1 O6,32143,87,mp-19389,31454,225,mp-18904,0.0173,0,0.0892,"(0.0689,0.104)",different
diff. SGs,In1 S1,24823,14,mp-630528,15110,58,mp-19795,0.0285,0.911,2.1,"(0.0871,0.117)",different
diff. SGs,Ni1 Zn1,45730,123,mp-429,30920,221,mp-1486,0.0272,0.138,0.0198,"(4.81e-17,4.81e-17)",different
diff. SGs,Ba3 O9 Sr1 Ta2,36906,176,mp-540950,29993,194,mp-540795,0.0157,0.222,0.0976,"(0.126,0.171)",different
diff. SGs,H1 Mg1 O9 P1,151523,1,mp-632723,154979,146,mp-720260,0.00192,0.0024,0.247,"(0.0119,0.0246)",similar
diff. SGs,Cu1 Li2 P1,152388,164,mp-675589,29933,194,mp-12029,0.0394,0,0.647,"(0.0204,0.0318)",different
diff. SGs,B2 O6 Zn3,48435,9,mp-559949,29920,15,mp-542833,0.000488,0.0207,0.00907,"(0.0386,0.0742)",similar
diff. SGs,H3 O3 Yb1,151003,176,mp-626429,151000,11,mp-626421,0.000862,0,0.0138,"(0.138,0.258)",similar
diff. SGs,Ba1 Eu1 Fe2 O5,151702,99,mp-639347,32338,123,mp-656144,0.186,0.268,0.0168,"(0.014,0.0202)",different
diff. SGs,Cl1 In1,41813,36,mp-571636,19172,63,mp-571555,0.000193,0.0351,0.126,"(0.012,0.0121)",similar
diff. SGs,Ca2 O6 Pd1 W1,84634,44,mp-25183,15861,225,mp-19159,0.0405,0.0074,0.511,"(0.122,0.229)",different
diff. SGs,Cl6 K2 Sn1,47365,14,mp-571453,47352,128,mp-570173,0.0066,0.207,0.186,"(0.0784,0.104)",different
diff. SGs,Li7 Nb8 O24,54312,2,mp-686097,52975,1,mp-531409,0.0289,3.21,0.0809,"(0.122,0.232)",different
diff. SGs,Bi1 Ce1,33068,221,mp-639445,25968,123,mp-635471,0.0057,0.0025,0.789,"(7.45e-17,7.45e-17)",similar
diff. SGs,Cu1 O6 V2,85311,12,mp-550086,93372,2,mp-741706,0.00734,0.091,0.264,"(0.0579,0.082)",similar
diff. SGs,Br6 K2 Te1,11457,14,mp-22963,8517,128,mp-23411,0.0125,0.264,0.65,"(0.0879,0.117)",different
diff. SGs,F2 H1 Rb1,88286,140,mp-29764,52281,46,mp-677103,0.000102,0.0246,0.00476,"(0.0858,0.162)",similar
diff. SGs,O12 P3 Rb1 Ti2,86601,148,mp-560586,14194,167,mp-6125,0.00109,0.0139,0.0388,"(0.0314,0.0472)",similar
diff. SGs,O9 V5,154255,1,mp-714932,45008,2,mp-558587,0.00847,0.238,0.0187,"(0.0209,0.0515)",different
diff. SGs,Ba2 Nd1 O6 Ru1,34413,225,mp-545735,21834,12,mp-6200,0.00317,0.0687,0.0746,"(0.0553,0.0817)",similar
diff. SGs,Fe3 Pt1,84775,123,mp-11798,26778,221,mp-1649,0.00139,0.0163,0.105,"(1.5e-05,1.88e-05)",similar
diff. SGs,Cd2 O12 S3 Tl2,45115,19,mp-556819,45084,198,mp-6067,0.000607,0.0082,0.129,"(0.142,0.234)",similar
diff. SGs,O12 P3 V2,49738,167,mp-540480,48948,2,mp-32469,0.0109,0.948,0.0213,"(0.142,0.275)",different
diff. SGs,H1 O6 W2,153135,44,mp-690112,51127,225,mp-34047,0.0168,0.242,0.0615,"(0.0197,0.0319)",different
diff. SGs,Ag2 Bi1 O3,29976,7,mp-561113,29975,34,mp-23558,0.00125,0.118,0.0458,"(0.0613,0.111)",different
diff. SGs,Ag2 Bi1 O3,29976,7,mp-561113,19793,52,mp-558712,0.00285,0.413,0.0693,"(0.0759,0.177)",different
diff. SGs,Ag2 Bi1 O3,29975,34,mp-23558,19793,52,mp-558712,0.0041,0.296,0.0235,"(0.0491,0.106)",different
diff. SGs,Co1 N6 Na3 O12,37166,166,mp-24869,22277,148,mp-19310,0.000416,0.0626,0.00405,"(0.0495,0.086)",similar
diff. SGs,Ga1 Se2 Tl1,45003,9,mp-680555,34689,15,mp-17254,0.0039,0.118,0.642,"(0.0255,0.0524)",different
diff. SGs,Ga2 Mn1 S4,150454,2,mp-622375,40851,15,mp-662815,6.93e-05,0.0049,0.0132,"(0.0103,0.0186)",similar
diff. SGs,Br3 Rb1 V1,40898,165,mp-568136,17333,185,mp-29314,1.4e-05,0.011,0.0358,"(0.0484,0.0627)",similar
diff. SGs,Na1 O12 P3 Sn2,38921,167,mp-22163,38920,148,mp-6525,0.000179,0.389,0.123,"(0.0816,0.123)",different
diff. SGs,Mo1 Ni1 O6 Sr2,2590,225,mp-25053,2336,87,mp-18940,0.00895,0.0038,0.0259,"(0.059,0.0931)",similar
diff. SGs,La1 Mg1 Na1 O6 W1,48259,12,mp-565623,38137,129,mp-566983,0.0272,0.336,0.0906,"(0.0993,0.167)",different
diff. SGs,C6 Cr1 Cs2 Li1 N6,12670,128,mp-570502,2295,14,mp-540847,3.6e-05,0.174,0.0199,"(0.0446,0.0751)",different
diff. SGs,C2 Fe5,151954,13,mp-645339,19055,15,mp-2794,0.00838,0.009,0.0324,"(0.0191,0.0388)",similar
diff. SGs,Al1 Mo4 S8,8855,160,mp-554868,8853,216,mp-3861,0.00237,0.164,0.0393,"(0.0195,0.0327)",different
diff. SGs,Cl9 Cs3 Sb2,31161,150,mp-567196,25615,164,mp-27629,0.0011,0.0758,0.257,"(0.0689,0.0859)",similar
diff. SGs,Br7 In5,38572,15,mp-568546,38254,9,mp-652621,0.0015,0.0033,0.672,"(0.0269,0.0568)",similar
diff. SGs,Cd2 Nb2 O7,35111,46,mp-560530,35110,227,mp-5472,0.00446,0.0483,0.0801,"(0.0229,0.0467)",similar
diff. SGs,Ca1 O11 P4,86319,64,mp-559985,46192,14,mp-30983,0.000201,0.0001,0.0226,"(0.0439,0.0937)",similar
diff. SGs,P1 Ta3,42141,133,mp-567846,10929,86,mp-504502,0.00497,0.0059,0.00012,"(0.0242,0.0366)",similar
diff. SGs,Fe2 O5 P1,15625,15,mp-565515,15261,141,mp-18830,0.0123,0.877,0.0204,"(0.0261,0.0439)",different
diff. SGs,Ga2 O4 Pb1,86780,9,mp-561013,15134,40,mp-20496,0.00112,0.0215,0.041,"(0.0188,0.0349)",similar
diff. SGs,Cl3 Cr1 Cs1,18708,12,mp-29616,11143,186,mp-610955,0.00929,0.0306,0.828,"(0.0455,0.087)",similar
diff. SGs,Cl3 Cr1 Cs1,18708,12,mp-29616,8405,194,mp-570326,0.00891,0.0085,0.821,"(0.0477,0.0749)",similar
diff. SGs,Cl3 Cr1 Cs1,11143,186,mp-610955,8405,194,mp-570326,0.00038,0.0391,0.00681,"(0.0403,0.0447)",similar
diff. SGs,O4 Si1 Sr2,8382,14,mp-18510,8334,62,mp-17825,0.00903,0.0019,0.0628,"(0.0828,0.139)",similar
diff. SGs,O2 Si1,1800,154,mp-6930,1799,152,mp-7000,0.000335,0.0134,0.0138,"(3.84e-16,6.7e-16)",similar
diff. SGs,O2 Si1,1800,154,mp-6930,4410,180,mp-6922,0.00172,0.175,0.669,"(0.142,0.168)",different
diff. SGs,Si2 Sr1,7672,213,mp-14172,2112,212,mp-496,4.08e-08,0,0.00155,"(0.0337,0.0412)",similar
diff. SGs,Mg1 O6 Sr2 W1,34030,225,mp-18848,1597,87,mp-19420,0.00913,0.164,0.0335,"(0.0827,0.131)",different
diff. SGs,Ba1 O11 V6,150407,63,mp-610232,7364,194,mp-18891,0.0173,0.909,0.0334,"(0.022,0.042)",different
diff. SGs,O3 Sr1 Ti1,43433,140,mp-4651,6860,221,mp-5229,0.000764,0.255,0.0246,"(0.017,0.0248)",different
diff. SGs,Cu3 Pd1,46722,123,mp-672265,45457,99,mp-680639,0.00131,0.0047,0.0262,"(0.0769,0.277)",similar
diff. SGs,Ba2 O6 Pr1 Sb1,23207,225,mp-10731,5846,148,mp-6692,0.00636,0.087,0.0843,"(0.07,0.0904)",similar
diff. SGs,Al1 F4 Tl1,45111,15,mp-3751,45110,140,mp-557233,0.0012,0.191,0.143,"(0.0467,0.0628)",different
diff. SGs,La3 O8 Re1,85670,63,mp-28121,36947,11,mp-504831,0.000892,0.0496,0.00304,"(0.0849,0.261)",similar
diff. SGs,Cu1 N3,86839,141,mp-27954,85363,88,mp-504768,0.00191,0.417,0.334,"(0.0142,0.0201)",different
diff. SGs,Cs1 Ge1 I3,151756,8,mp-642690,10105,160,mp-28377,0.00784,0.111,1.5,"(0.0451,0.057)",different
diff. SGs,Co21 Li20 O40,170270,82,mp-776148,154313,1,mp-705640,0.0197,1.38,0.101,"(0.0246,0.0774)",different
diff. SGs,Ba2 Nd1 O6 Sb1,8583,225,mp-14292,5847,148,mp-6122,0.00439,0.0672,0.0704,"(0.0476,0.0615)",similar
diff. SGs,Ca3 Mn2 O7,33608,36,mp-19042,27753,63,mp-19610,0.00989,0.0756,0.0186,"(0.127,0.217)",similar
diff. SGs,Br1 H3 O1,150674,8,mp-625521,150663,160,mp-625509,0.000967,0.0076,0.0247,"(0.0134,0.018)",similar
diff. SGs,Cu1 Dy1 Sb2,96603,12,mp-600449,34138,129,mp-20859,0.000158,0.0374,0.0381,"(0.0093,0.0174)",similar
diff. SGs,Ga1 Mo4 Se8,8854,160,mp-567394,8852,216,mp-5584,0.00472,0.237,0.0201,"(0.0105,0.0157)",different
diff. SGs,F5 Fe1 K2,43634,33,mp-579331,12160,60,mp-555882,2.14e-05,0.002,0.00134,"(0.0414,0.0762)",similar
diff. SGs,Ag1 C2 O2,96596,5,mp-600237,196,15,mp-654937,0.000235,0.0007,0.00343,"(0.016,0.0366)",similar
diff. SGs,Na1 Ni1 O2,61968,166,mp-578619,1772,12,mp-19149,0.0254,0.5,0.155,"(0.147,0.208)",different
diff. SGs,Cu10 Sn3,45229,176,mp-30597,13649,173,mp-568495,0.00234,0.0541,0.0266,"(0.0363,0.0607)",similar
diff. SGs,H1 Li1 O1,150849,39,mp-625998,836,129,mp-23856,0.00395,0.0163,0.148,"(0.0461,0.0666)",similar
diff. SGs,H3 Na1 O2,150628,14,mp-625391,87669,61,mp-24193,0.00325,0.0443,0.221,"(0.0386,0.054)",similar
diff. SGs,Pu1 Sb1,596,221,mp-21263,595,123,mp-19933,0.0513,0.011,0.0798,"(7.84e-17,7.84e-17)",different
diff. SGs,Eu1 H3 O3,150638,176,mp-625467,150637,11,mp-625477,0.00566,0.0001,0.39,"(0.116,0.29)",similar
diff. SGs,H3 O3 Sm1,150624,176,mp-625402,150623,11,mp-625409,0.000832,0.0477,0.156,"(0.118,0.29)",similar
diff. SGs,O11 Pb1 V6,44012,194,mp-25790,15576,186,mp-619128,0.000662,0.0209,0.198,"(0.0546,0.15)",similar
same SGs,La1 P5,44504,11,mp-1864,35611,11,mp-645421,0.00076,0.0037,0.559,,
diff. SGs,Cl5 K2 N1 O1 Ru1,28597,19,mp-560966,13214,62,mp-541361,0.000234,0.0041,0.0122,"(0.0186,0.0344)",similar
diff. SGs,Ba2 Co4 Nd2 O11,87257,25,mp-561781,44660,47,mp-24879,0.00831,0.0618,0.181,"(0.0241,0.0427)",similar
diff. SGs,Ce1 Cu1 Sn1,5448,194,mp-22761,2755,186,mp-22683,0.0066,0.0007,0.167,"(0.0503,0.0621)",similar
diff. SGs,Cs2 O3 Pb1,30013,36,mp-21521,10087,63,mp-21283,0.000247,0.0187,0.068,"(0.0667,0.149)",similar
diff. SGs,Re2 U1,27615,63,mp-569480,27613,194,mp-19890,0.016,0.0004,0.00163,"(0.00137,0.00206)",different
diff. SGs,F6 Ho1 Na1 Rb2,40648,87,mp-15318,40647,225,mp-15317,0.0013,0.0484,0.00281,"(0.0543,0.0837)",similar
diff. SGs,O2 Si1,16489,9,mp-555235,4416,194,mp-7087,0.00829,0.139,1.28,"(0.154,0.26)",different
diff. SGs,O2 Si1,16489,9,mp-555235,37269,40,mp-554573,0.0019,0.112,0.252,"(0.155,0.309)",different
diff. SGs,O2 Si1,16489,9,mp-555235,35277,4,mp-555891,0.00438,0.116,0.681,"(0.114,0.19)",different
diff. SGs,As1 Ca1 F1 Mg1 O4,46257,15,mp-7035,28344,9,mp-558016,0.000306,0.337,0.0131,"(0.0202,0.0405)",different
diff. SGs,C2 Hg1 N2 S2,150408,5,mp-610992,11316,12,mp-655275,0.00158,0.108,0.205,"(0.0136,0.0202)",different
diff. SGs,Ba2 Co1 Mo1 O6,86791,139,mp-561894,27803,225,mp-18967,0.0178,1.03,0.0286,"(0.026,0.0434)",different
diff. SGs,Er2 F7 K1,38050,62,mp-558238,36413,33,mp-27925,0.000118,0.0667,0.000648,"(0.0301,0.0792)",similar
diff. SGs,Ag2 O4 W1,85521,58,mp-504466,28993,34,mp-637188,0.0036,0.269,0.15,"(0.058,0.141)",different
diff. SGs,Cd1 N3 O6 Tl1,44400,146,mp-11018,2547,200,mp-22043,1.01,2.08,4.65,"(0.202,0.253)",different
diff. SGs,Ba1 Se3 V1,54349,36,mp-676597,11810,194,mp-27363,0.0138,0,0.287,"(0.0306,0.0634)",different
diff. SGs,F2 Ni1,8155,58,mp-566755,1790,136,mp-559798,0.000846,0.0104,0.0478,"(0.0426,0.0522)",similar
diff. SGs,P1 Sn1,23237,225,mp-475,15454,107,mp-7526,0.00661,0.0788,0.917,"(0.0744,0.0744)",similar
diff. SGs,Al1 C1 H2 Na1 O5,114749,74,mp-644506,102150,46,mp-699136,0.000666,0.111,0.155,"(0.0311,0.059)",different
diff. SGs,B1 O5 P1 Sr1,46013,154,mp-558022,42407,152,mp-6486,0.000188,0.0018,0.0243,"(0.0287,0.0458)",similar
diff. SGs,Ni1 O6 Sr2 W1,34394,225,mp-19400,34116,87,mp-25089,0.0111,0.0923,0.0529,"(0.0736,0.111)",different
diff. SGs,O2 Si1,32431,1,mp-557004,48025,12,mp-558351,0.00117,0.0679,0.433,"(0.0814,0.15)",similar
diff. SGs,O2 Si1,4416,194,mp-7087,37269,40,mp-554573,0.0102,0.251,1.53,"(0.141,0.178)",different
diff. SGs,O2 Si1,4416,194,mp-7087,35277,4,mp-555891,0.00392,0.0227,0.6,"(0.14,0.189)",similar
diff. SGs,O2 Si1,4416,194,mp-7087,7485,182,mp-559091,0.0073,0.0732,1.03,"(0.125,0.153)",similar
diff. SGs,O2 Si1,4411,198,mp-8059,22761,19,mp-556961,0.000262,0.109,0.507,"(0.191,0.236)",different
diff. SGs,O2 Si1,93441,229,mp-600033,32790,148,mp-559550,0.000255,0.181,2.05,"(0.198,0.285)",different
diff. SGs,O2 Si1,12834,36,mp-16964,37957,63,mp-560826,0.00436,0.253,0.837,"(0.15,0.281)",different
diff. SGs,O2 Si1,37957,63,mp-560826,85338,36,mp-556218,0.00405,0.467,0.515,"(0.102,0.205)",different
diff. SGs,O2 Si1,1799,152,mp-7000,4410,180,mp-6922,0.00206,0.188,0.655,"(0.142,0.168)",different
diff. SGs,O2 Si1,35277,4,mp-555891,7485,182,mp-559091,0.00339,0.0505,0.425,"(0.185,0.298)",similar
diff. SGs,Cu2 S4 Sn1 Sr1,35448,152,mp-16988,19039,154,mp-17322,4.62e-06,0.0004,9.32e-05,"(0.0123,0.0225)",similar
diff. SGs,Cs2 O8 P2 Ti1,40421,62,mp-572361,38996,19,mp-14864,0.00268,0.0685,0.0719,"(0.131,0.286)",similar
diff. SGs,Pd21 Sm10,151984,2,mp-648832,36813,12,mp-662804,0.000162,0.0009,0.0613,"(0.0124,0.0591)",similar
diff. SGs,Ba1 Co1 K2 N6 O12,46220,69,mp-18823,37834,202,mp-24872,0.0164,1.12,0.0481,"(0.0231,0.038)",different
diff. SGs,Cl4 Cr1 H18 K1 N6 O8,88028,148,mp-25514,88002,166,mp-25513,0.000996,0.0619,0.0752,"(0.0783,0.129)",similar
diff. SGs,H8 N2 O12 Se1 W3,87853,186,mp-25729,87851,173,mp-633143,0.000134,0.0055,0.0147,"(0.0222,0.0534)",similar
diff. SGs,H2 O6 P2 Zr1,104552,147,mp-643013,87805,164,mp-24030,0.00331,0.0158,0.532,"(0.0309,0.04)",similar
diff. SGs,F4 N1 O3 Rb1 Te1,43450,2,mp-669474,41191,1,mp-560578,0.01,0.205,0.429,"(0.0384,0.0776)",different
diff. SGs,B1 Ba1 O5 P1,42277,152,mp-15840,24677,154,mp-6040,1.01e-06,0.0013,0.000477,"(0.017,0.0347)",similar
diff. SGs,As2 Ni1 Tm2,27770,186,mp-568266,27768,194,mp-11581,0.00118,0,0.0893,"(0.0334,0.0667)",similar
diff. SGs,I1 Nb3 Se12,39057,128,mp-23410,37770,114,mp-567252,0.00124,0.138,0.105,"(0.0585,0.0748)",different
diff. SGs,Ca1 Mo1 O3,150395,14,mp-607467,6029,62,mp-19012,0.00691,0.116,0.0121,"(0.041,0.0625)",different
diff. SGs,Bi5 Cl12 Ga3,40060,167,mp-29075,31890,161,mp-569854,0.000166,0.0004,0.0286,"(0.0298,0.0411)",similar
diff. SGs,H1 Na3 O8 S2,108662,1,mp-707941,88074,14,mp-23780,0.00196,0.0246,0.0363,"(0.052,0.245)",similar
diff. SGs,B13 C2 Li1,151700,44,mp-638070,31793,74,mp-655591,0.000219,0.109,0.00024,"(0.00803,0.0288)",different
diff. SGs,Cs2 F6 K1 Mn1,21992,139,mp-560861,21993,225,mp-561461,0.0421,1.6,0.0215,"(0.0148,0.0232)",different
diff. SGs,Cs1 H24 Mn1 O20 S2,113331,61,mp-744823,113330,205,mp-746676,0.00924,1.69,0.0924,"(0.0571,0.0944)",different
diff. SGs,Fe1 I4 Rb2,86193,4,mp-568928,18415,11,mp-581600,0.00287,0.003,0.754,"(0.0165,0.0276)",similar
diff. SGs,As1 F6 K1,10950,148,mp-4266,8540,166,mp-7569,9.98e-05,0.0453,0.0678,"(0.077,0.089)",similar
diff. SGs,Cu6 La1,45215,14,mp-30590,26604,62,mp-636256,0.00613,0.0458,0.0828,"(0.0479,0.0803)",similar
diff. SGs,Au1 Mn1,68,123,mp-12675,67,221,mp-12674,0.00528,0.0458,0.0482,"(4.33e-17,4.33e-17)",similar
diff. SGs,Ca1 O5 Si1 Sn1,113285,2,mp-644103,20746,15,mp-6809,0.000375,0.0013,0.0329,"(0.0161,0.0252)",similar
diff. SGs,Cu1 F6 Sn1,47371,148,mp-13906,9316,2,mp-4701,0.00366,0.178,0.0248,"(0.177,0.222)",different
diff. SGs,Cs2 Hg1 I4,10367,11,mp-28421,9207,4,mp-567594,0.000547,0.114,0.104,"(0.0276,0.0428)",different
diff. SGs,Cu1 Ho1 S2,34071,19,mp-560611,32298,62,mp-12453,0.00115,0.0518,0.0621,"(0.0206,0.0295)",similar
diff. SGs,F3 K2 Mn1 O4 S1,34456,14,mp-18838,2530,60,mp-19304,0.000971,0.187,0.0736,"(0.017,0.0268)",different
diff. SGs,C3 Na4 O11 U1,45946,2,mp-560724,43044,165,mp-6046,0.00045,0.015,0.00114,"(0.0862,0.26)",similar
diff. SGs,Ba1 Ni1 O3,39715,186,mp-19241,6595,194,mp-19138,0.000123,0.0063,0.0325,"(0.0681,0.0756)",similar
diff. SGs,C5 Cl2 La4,151962,2,mp-647035,36193,12,mp-667192,0.000116,0,0.0327,"(0.00726,0.0133)",similar
diff. SGs,Cs1 F4 Mn1,15025,85,mp-617871,12399,129,mp-616604,0.0149,1.83,0.285,"(0.036,0.0623)",different
diff. SGs,As2 O5,40477,19,mp-1788,37875,92,mp-555434,0.000249,0.0595,0.0238,"(0.0554,0.0902)",similar
diff. SGs,C4 H8 N1 O10 Ti1,133,181,mp-557562,132,180,mp-557853,0.000207,0.0034,0.0265,"(0.0508,0.116)",similar
diff. SGs,Bi3 Nb1 O7,87234,8,mp-35185,51117,1,mp-34036,0.00044,0.394,0.00147,"(0.122,0.236)",different
diff. SGs,Ce1 K1 S4 Si1,42412,4,mp-22809,25496,11,mp-11170,0.00185,0.0939,0.288,"(0.061,0.0753)",similar
diff. SGs,Ga9 La11 Mg3 O34 Sr1,55769,8,mp-677725,55192,1,mp-677081,0.00068,0.0226,0.0185,"(0.0189,0.0288)",similar
diff. SGs,Ba1 Mo6 O10,150470,1,mp-624196,40977,62,mp-555478,0.0436,0.737,0.213,"(0.0666,0.145)",different
diff. SGs,Co1 Nb1 Te2,38845,64,mp-5603,13746,14,mp-571471,0.00181,0.0046,0.307,"(0.0354,0.0551)",similar
diff. SGs,Ca1 Ga4,44907,139,mp-1976,701,12,mp-2461,0.000187,0.0121,0.0257,"(0.0407,0.0514)",similar
diff. SGs,B26 Na12 O45,151726,1,mp-640740,34109,45,mp-657344,7e-05,0.0107,0.00709,"(0.00985,0.0229)",similar
diff. SGs,Mo2 Nd2 O7,153136,2,mp-690122,50924,227,mp-33803,0.0456,1.21,0.0771,"(0.0188,0.0362)",different
diff. SGs,Ir1 Ti1,45559,123,mp-1235,33282,221,mp-12594,0.0951,0.0089,0.0985,"(4.51e-17,4.51e-17)",different
diff. SGs,Fe1 H2 O2,151089,5,mp-626689,151087,164,mp-626680,0.0126,0.0585,0.104,"(0.195,0.273)",different
diff. SGs,In1 Sr1,150398,9,mp-608072,7422,43,mp-655461,0.00289,0,0.838,"(0.0102,0.016)",similar
diff. SGs,Er1 Fe4 Ge2,2670,58,mp-20480,2669,136,mp-3501,0.0256,0.0011,0.313,"(0.0125,0.0143)",different
diff. SGs,Eu1 Sn2 Zn2,35164,11,mp-644762,35163,129,mp-13135,0.0108,0.0413,0.301,"(0.0326,0.0479)",different
diff. SGs,Cr2 K3 Na1 O8,39289,15,mp-18964,12030,164,mp-19230,0.00221,0.0096,0.00084,"(0.0249,0.0381)",similar
diff. SGs,Fe1 Pt1 Sb1,150460,146,mp-623035,45326,198,mp-669307,0.178,0.0014,0.871,"(0.0566,0.0966)",different
diff. SGs,Ce1 Ni4 Sn2,85367,140,mp-510125,44971,120,mp-30510,0.3,0.0033,2.94,"(0.0472,0.0627)",different
diff. SGs,Cd3 Tb1,44944,194,mp-30498,44943,63,mp-570403,0.00219,0.0637,0.137,"(0.0993,0.136)",similar
diff. SGs,Nd1 O14 P5,36388,14,mp-4736,18448,53,mp-560681,0.000157,0.004,0.000105,"(0.0466,0.0927)",similar
diff. SGs,Nb2 O15 P4,43451,2,mp-556760,37722,1,mp-504946,0.00114,0.0161,0.0853,"(0.0918,0.166)",similar
diff. SGs,Ba1 Co2 O8 P2,85702,2,mp-616019,10939,148,mp-19021,0.0722,0.161,0.0675,"(0.0222,0.0337)",different
diff. SGs,Nb1 Ru1,45675,123,mp-432,27371,221,mp-11516,0.0249,0.0415,0.00159,"(4.4e-17,4.4e-17)",different
diff. SGs,Ba2 Cl7 Sc1,43458,14,mp-669476,41403,4,mp-573888,0.0021,0.0016,0.135,"(0.0382,0.0573)",similar
diff. SGs,B9 Ba1 Li1 O15,44285,167,mp-558890,43944,161,mp-17672,0.000176,0.0003,0.043,"(0.0263,0.121)",similar
diff. SGs,Ag3 Cu1 S2,35308,88,mp-644883,35307,141,mp-5725,0.00669,0.0178,0.122,"(0.0974,0.163)",similar
diff. SGs,F3 I1 Sn2,41599,20,mp-27167,8566,63,mp-555077,0.000626,0.0605,0.0983,"(0.0496,0.0674)",similar
diff. SGs,K3 Mo3 O12 Sc1,41678,57,mp-567044,40864,29,mp-672176,0.00265,0.0249,0.171,"(0.0591,0.161)",similar
diff. SGs,Cu1 S2 Y1,43231,62,mp-10533,1591,19,mp-12843,2.13e-05,0.0005,0.0111,"(0.029,0.0425)",similar
diff. SGs,Cu1 F3 Na1,85427,14,mp-505085,38642,2,mp-17869,0.00737,0.0164,0.324,"(0.0407,0.0656)",similar
diff. SGs,Nb1 O4 Sb1,36078,52,mp-3612,6621,33,mp-3491,0.00028,0.0796,0.0932,"(0.0618,0.0905)",similar
diff. SGs,Cl8 Na2 Ti3,18041,160,mp-569978,18040,166,mp-29474,0.0506,0.364,1.72,"(0.0674,0.104)",different
diff. SGs,O20 P5 Rb3 Ti3,40120,57,mp-555319,37218,29,mp-6390,0.000456,0.0001,0.0847,"(0.0635,0.156)",similar
diff. SGs,Al1 Cl4 Hg2 Sb1,35680,33,mp-570828,35679,60,mp-568001,0.000403,0.0463,0.229,"(0.101,0.216)",similar
diff. SGs,Al4 I7 La8,151960,2,mp-646295,35387,12,mp-658046,0.000133,8.88e-16,0.0678,"(0.00982,0.0192)",similar
diff. SGs,B1 F3,47250,14,mp-558149,35066,2,mp-27896,0.000768,0.0097,0.0733,"(0.0248,0.0459)",similar
diff. SGs,Au1 Cl4 K1,43956,7,mp-27181,13544,14,mp-568986,0.00021,0.0506,0.166,"(0.025,0.042)",similar
diff. SGs,C4 Mg2 Na6 O16 S1,36372,227,mp-540866,34788,203,mp-6892,0.0237,0.812,0.44,"(0.0939,0.132)",different
diff. SGs,C2 Cl1 Mg1 Na3 O6,35839,227,mp-566231,34787,203,mp-23653,0.012,0.314,0.367,"(0.13,0.189)",different
diff. SGs,Ga1 O6 Sb1 Sr2,34624,225,mp-6065,34623,87,mp-6304,0.0124,0.562,0.0064,"(0.0779,0.123)",different
diff. SGs,Fe12 La1 O19,34399,63,mp-642036,34398,194,mp-642250,0.0024,0.948,0.046,"(0.0145,0.0345)",different
diff. SGs,Cd1 Li1 O4 P1,38226,33,mp-556786,13395,62,mp-9018,8.59e-05,0.0007,0.00721,"(0.0197,0.0334)",similar
diff. SGs,Ce1 Cu6,44959,14,mp-581942,33660,62,mp-21708,0.0035,0.0077,0.0249,"(0.0198,0.0468)",similar
diff. SGs,Si2 V1,25566,181,mp-11190,23116,180,mp-10711,1.56e-06,0,0.00218,"(0.0204,0.025)",similar
diff. SGs,Br2 Ca1,22655,136,mp-571166,12705,58,mp-22888,0.00049,0.0795,0.339,"(0.0498,0.061)",similar
diff. SGs,Bi1 Cu1 O8 W2,150427,2,mp-615173,12574,1,mp-565192,0.000339,0.0116,0.0313,"(0.0496,0.11)",similar
diff. SGs,Cu1 Dy1 S2,34070,19,mp-554120,32297,62,mp-555044,0.000391,0.0137,0.0227,"(0.0409,0.0561)",similar
diff. SGs,Cu1 S2 Yb1,34072,19,mp-640381,32301,62,mp-19888,0.00821,0.0127,0.0603,"(0.0376,0.0573)",similar
diff. SGs,Ba2 Gd1 Nb1 O6,33516,225,mp-19996,32152,87,mp-22531,0.644,2.65,0.0751,"(0.135,0.186)",different
diff. SGs,Ba2 Ho1 O6 Ta1,34753,225,mp-13001,34752,87,mp-13000,0.000746,0.0698,0.029,"(0.042,0.0663)",similar
diff. SGs,Ge3 O11 Pb5,32115,143,mp-557340,18180,174,mp-557667,0.00199,0.0896,0.147,"(0.111,0.249)",similar
diff. SGs,Er1 Tl1,30564,123,mp-1054,30562,221,mp-217,0.00464,0.0207,0.187,"(3.78e-17,3.78e-17)",similar
diff. SGs,P1 S3 Sn1,47459,7,mp-13923,13286,14,mp-4252,0.00681,0.307,0.944,"(0.0408,0.0989)",different
diff. SGs,Ga1 N5 O14,42737,5,mp-541950,21324,82,mp-557954,0.00156,0.0651,0.3,"(0.114,0.193)",similar
diff. SGs,Cu6 Pr1,45458,62,mp-30698,45455,14,mp-567201,0.00573,0.0532,0.00409,"(0.0224,0.0438)",similar
diff. SGs,Cd1 Ce1,44923,123,mp-11291,30026,221,mp-183,0.00248,0.0001,0.00652,"(1.09e-16,1.09e-16)",similar
diff. SGs,Ba3 Nb2 O9 Sr1,36905,176,mp-540949,29985,194,mp-540794,0.0155,0.194,0.14,"(0.122,0.167)",different
diff. SGs,Te5 U1,38089,33,mp-651772,38088,62,mp-28500,0.0158,0.0038,0.441,"(0.0396,0.0898)",different
diff. SGs,Bi2 Cs3 I9,43351,15,mp-669458,18569,194,mp-624214,0.00117,0.0303,0.323,"(0.0437,0.0683)",similar
diff. SGs,Ba2 O6 Ta1 Y1,31812,87,mp-12385,3715,225,mp-6613,0.0016,0.103,0.0453,"(0.0407,0.0635)",different
diff. SGs,Ba1 O18 V13,151699,2,mp-638002,28213,148,mp-510249,0.036,0.527,0.347,"(0.0689,0.122)",different
diff. SGs,Na1 O6 W2,152495,44,mp-690535,53557,225,mp-37307,0.0396,0.0024,0.0657,"(0.0113,0.0169)",different
diff. SGs,Sm1 Tl1,45865,123,mp-2541,27684,221,mp-11568,0.00582,0.192,0.158,"(7.32e-17,7.32e-17)",different
diff. SGs,Rh1 Ti1,27648,221,mp-11563,27647,123,mp-2583,0.0275,0.0187,0.0717,"(2.24e-16,2.24e-16)",different
diff. SGs,Ba2 Cu1 O6 W1,36675,139,mp-561558,13272,87,mp-505618,0.00108,0.0521,0.0385,"(0.1,0.156)",similar
diff. SGs,Mn1 Pd1,27258,221,mp-1902,27257,123,mp-238,0.0122,0.073,0.00391,"(4.8e-17,4.8e-17)",different
diff. SGs,K1 O4 Sr1 V1,41169,62,mp-19638,22120,19,mp-628859,0.00252,0.0157,0.104,"(0.0658,0.141)",similar
diff. SGs,H2 Zr1,88101,139,mp-24286,87880,225,mp-24155,0.00761,0.0066,0.013,"(2.52e-16,3.44e-16)",similar
diff. SGs,Cr1 O6 Ta2,21577,14,mp-31629,9236,136,mp-31626,0.0143,0.707,0.0426,"(0.0579,0.0861)",different
diff. SGs,Cs2 N2 Tb6 Te7,151959,8,mp-646007,35793,12,mp-655613,0.000209,1,0.146,"(0.00825,0.012)",different
diff. SGs,Br6 Pb4 Se1,151212,8,mp-630927,25264,44,mp-655489,0.00173,0.389,0.212,"(0.0529,0.11)",different
diff. SGs,Ba1 Fe2 O5 Y1,24758,123,mp-24947,24757,51,mp-542205,0.00716,0.79,0.205,"(0.0235,0.0334)",different
diff. SGs,Mo1 O4 Tl2,45112,164,mp-565394,26388,5,mp-18938,0.00895,0.185,0.0107,"(0.132,0.198)",different
diff. SGs,Ba2 Ca1 O6 Re1,48221,87,mp-12417,28986,225,mp-6635,5.01e-05,0.0458,0.00127,"(0.0496,0.0784)",similar
diff. SGs,La1 Ru3 Si2,20083,191,mp-569482,17076,193,mp-29240,0.00307,0,0.0496,"(0.0273,0.0386)",similar
diff. SGs,Cu3 Mo2 O9,37192,33,mp-649957,32772,62,mp-639719,0.000744,0.0099,0.0455,"(0.0475,0.0919)",similar
diff. SGs,Ba1 Ni2 P4,14427,139,mp-28927,14426,71,mp-571420,8.09e-05,0.0427,0.132,"(0.014,0.0239)",similar
diff. SGs,H1 O3 Sb1,150897,141,mp-626182,150896,43,mp-626218,0.0122,0.118,0.114,"(0.131,0.269)",different
diff. SGs,F6 K2 Zr1,35323,15,mp-5450,12455,63,mp-13596,0.00112,0.16,0.00647,"(0.0924,0.123)",different
diff. SGs,Eu2 Ge1 Se4,22483,11,mp-505740,22482,4,mp-629088,0.0092,0.152,0.0797,"(0.0629,0.1)",different
diff. SGs,Cl3 Nb1 O1,48190,136,mp-27815,22460,113,mp-556422,0.00895,0.401,0.518,"(0.0375,0.0794)",different
diff. SGs,Cl4 Ga1 Hg2 Sb1,35496,33,mp-568031,5394,60,mp-571190,0.000652,0.0647,0.332,"(0.107,0.22)",similar
diff. SGs,C4 H9 Mn1 N1 O6,96599,2,mp-600579,409,62,mp-656241,0.033,0.735,0.21,"(0.0524,0.0863)",different
diff. SGs,P2 U1,41989,107,mp-569147,20251,129,mp-413,0.00187,0,0.112,"(0.0297,0.0572)",similar
diff. SGs,Ba3 Ir2 Na1 O9,35877,15,mp-20529,6221,194,mp-21876,0.0037,0.0092,0.285,"(0.109,0.211)",similar
diff. SGs,Cl2 Co1 O2 Sr2,86631,71,mp-560610,1360,139,mp-24840,0.0573,0.407,0.261,"(0.011,0.0154)",different
diff. SGs,Ag1 Au1 Cl6 Cs2,47837,139,mp-567776,47085,225,mp-568448,0.0531,0.659,3.38,"(0.0821,0.157)",different
diff. SGs,Ba11 Bi14 Cd8,150396,2,mp-607525,6910,12,mp-655147,0.000233,0.0001,0.0141,"(0.01,0.0218)",similar
diff. SGs,Mn1 Ni1,27248,221,mp-11500,27247,123,mp-1797,0.00451,0.108,0.0334,"(4.77e-17,4.77e-17)",different
diff. SGs,Be3 Fe4 O12 S1 Si3,151194,161,mp-627398,18166,218,mp-19309,0.166,3.44,0.129,"(0.012,0.0232)",different
diff. SGs,Gd1 In1,26941,123,mp-19819,26940,221,mp-21005,0.00822,0.0053,0.808,"(3.68e-17,3.68e-17)",similar
diff. SGs,Co2 Na3 O6 Sb1,86922,2,mp-561940,35582,12,mp-19087,0.0984,1.68,0.1,"(0.0204,0.0352)",different
diff. SGs,Cl6 Se4 Zr1,43853,56,mp-30113,17757,138,mp-619928,0.00123,0.0006,0.582,"(0.0435,0.069)",similar
diff. SGs,Cd2 Cl1 P3,115051,15,mp-644431,17087,9,mp-29246,7.95e-06,0.013,0.0625,"(0.0607,0.138)",similar
diff. SGs,F7 Fe1 Na2 Ni1,46317,44,mp-566483,40987,74,mp-558817,3.32e-05,0.0048,0.0374,"(0.015,0.0308)",similar
diff. SGs,Mn1 O8 Re2,86703,164,mp-31907,20932,147,mp-627380,0.302,2.9,2.8,"(0.0912,0.116)",different
diff. SGs,Co1 F6 Zr1,16002,225,mp-555491,16001,148,mp-556456,0.0272,0,0.64,"(0.159,0.184)",different
diff. SGs,O7 Sr2 Ta2,16165,36,mp-13664,10742,63,mp-12286,6.05e-05,0.0187,0.00765,"(0.0416,0.0801)",similar
diff. SGs,Cu1 Sb1 Yb1,28406,186,mp-11701,16094,194,mp-9439,0.00143,0.216,1.01,"(0.0193,0.0241)",different
diff. SGs,Bi2 Cd1 Ge1 O6,40518,60,mp-555027,15700,14,mp-554740,0.000275,0.0185,0.0209,"(0.0417,0.0657)",similar
diff. SGs,Ag5 O6 Pb2,28945,157,mp-555565,2282,162,mp-22286,0.000152,0.0121,0.0252,"(0.0389,0.064)",similar
diff. SGs,Nb1 P1,20188,141,mp-9830,15417,109,mp-9339,0.602,0.442,0.0987,"(0.187,0.187)",different
diff. SGs,C1 F3 Na1 O2 Sb1,40779,9,mp-554716,29042,15,mp-554239,0.000271,0.0032,0.077,"(0.0406,0.0597)",similar
diff. SGs,Ru1 Ta1,45862,221,mp-12110,27658,123,mp-1601,0.0446,0.0293,0.0177,"(1.32e-16,1.32e-16)",different
diff. SGs,Li1 Nb1 O4 Zn1,39768,91,mp-6146,14319,95,mp-18037,3.26e-06,0.0002,0.000245,"(0.0471,0.113)",similar
diff. SGs,Fe1 Mo2 O8 Rb1,35616,147,mp-645665,4986,164,mp-18868,0.000256,0.0517,0.38,"(0.0896,0.126)",similar
diff. SGs,Ba2 Cr1 O4,39220,62,mp-19703,6952,33,mp-566511,0.000133,0.0921,0.0486,"(0.0631,0.12)",similar
diff. SGs,F5 K3 Np1 O2,37815,141,mp-559638,17353,88,mp-9637,0.00979,0.0701,0.21,"(0.102,0.158)",similar
diff. SGs,Nb1 Si2,30888,181,mp-12104,1325,180,mp-2478,1.73e-07,0,0.00233,"(0.00833,0.0102)",similar
diff. SGs,Cl1 Fe1 Mo1 O4,88040,11,mp-25525,9360,129,mp-24968,0.000589,0.0943,0.0975,"(0.105,0.175)",similar
diff. SGs,C1 N2 Pb1,21466,62,mp-19727,16572,33,mp-619032,0.00382,0.0291,0.472,"(0.0346,0.0444)",similar
diff. SGs,Al3 C3 Sc1,41786,186,mp-568400,10185,194,mp-4798,0.000427,0.0788,0.0156,"(0.0246,0.0564)",similar
diff. SGs,Cu1 F6 Mo1,85772,148,mp-556093,11399,2,mp-611706,0.0404,0.0006,0.168,"(0.0617,0.088)",different
diff. SGs,Na2 O7 V3,42556,159,mp-555416,4691,147,mp-567133,0.00118,0.0094,0.0121,"(0.0614,0.148)",similar
diff. SGs,Ag1 S3 Ta1,16305,63,mp-5821,15048,36,mp-561242,0.000171,0.0027,0.000708,"(0.0234,0.0307)",similar
diff. SGs,I3 Zr1,13984,59,mp-570188,8080,193,mp-23282,0.00214,0.251,1.8,"(0.0135,0.0249)",different
diff. SGs,Cd1 K1 N3 O6,24940,146,mp-11017,2543,200,mp-22770,1.04,2.21,4.7,"(0.17,0.207)",different
diff. SGs,Al1 Mn1,30215,221,mp-12067,24365,123,mp-771,0.0462,0.0024,0.455,"(1.4e-16,1.4e-16)",different
diff. SGs,Br6 Rb2 Te1,10513,225,mp-23383,9361,87,mp-570324,0.00106,0.0461,0.284,"(0.0464,0.0695)",similar
diff. SGs,Br3 Ti1,8994,2,mp-28214,8714,148,mp-571065,0.00184,0.0152,0.924,"(0.0128,0.0155)",similar
diff. SGs,Cd1 N3 O6 Rb1,24939,146,mp-11016,2568,200,mp-22597,1.03,2.35,4.54,"(0.167,0.197)",different
diff. SGs,In3 Ru1,47876,118,mp-672326,6815,136,mp-607450,0.000458,0.0349,0.0274,"(0.0235,0.0335)",similar
diff. SGs,O1 Tl2,23220,12,mp-551470,15786,166,mp-27484,0.000237,0.052,0.25,"(0.0264,0.0455)",similar
same SGs,Co1 O3 Y1,51666,62,mp-34710,2618,62,mp-24878,0.0057,1.32,0.592,,
diff. SGs,Cl3 Ga1,28168,12,mp-30952,7660,2,mp-571266,0.00124,4.2,0.579,"(0.0391,0.0681)",different
diff. SGs,La1 Nb1 O4,8491,88,mp-5295,7529,15,mp-542724,0.000991,0.329,0.24,"(0.068,0.0941)",different
diff. SGs,Br4 Cs2 I2 Pd1,6947,139,mp-543024,6946,12,mp-23099,0.00367,0.0093,0.0254,"(0.0718,0.0795)",similar
diff. SGs,Cu1 K2 N6 O12 Pb1,31448,202,mp-19863,8407,196,mp-608162,0.0329,0.909,1.3,"(0.0655,0.0861)",different
diff. SGs,P3 Tc2,28378,12,mp-11690,18665,2,mp-9895,0.00504,0.0088,0.0464,"(0.0285,0.0419)",similar
diff. SGs,Ba3 Nd1 O9 Ru2,24154,15,mp-6580,24153,194,mp-6018,5.36e-06,0.0094,0.00112,"(0.0411,0.0667)",similar
diff. SGs,Ba2 Nb1 Nd1 O6,33514,225,mp-12637,5510,12,mp-6167,0.0156,0.135,0.194,"(0.14,0.194)",different
diff. SGs,Co1 S2,174901,61,mp-850049,16881,205,mp-2070,0.0162,0,0.0819,"(0.0071,0.0089)",different
diff. SGs,Ba2 Eu1 Nb1 O6,33513,225,mp-22279,5845,87,mp-13323,0.00948,0.006,0.0558,"(0.127,0.174)",similar
diff. SGs,Cu1 Er1 S2,34547,19,mp-559826,32299,62,mp-12454,0.00606,0.116,0.202,"(0.0645,0.0826)",different
diff. SGs,Bi1 Cl8 F4 H3 K6,102448,194,mp-723540,95639,186,mp-696998,0.000819,0.0183,0.0396,"(0.0512,0.095)",similar
diff. SGs,Ag2 C4 N4 S4 Zn1,36903,9,mp-648573,13034,15,mp-559335,0.00634,0.0615,1.19,"(0.0214,0.0358)",similar
diff. SGs,Ba3 Ge4,18407,136,mp-21596,18406,65,mp-9858,3.15e-05,0.0404,0.694,"(0.0468,0.107)",similar
diff. SGs,O5 P1 Ti1 Tl1,45101,33,mp-6706,26330,52,mp-559607,0.00371,0.333,0.0692,"(0.0829,0.221)",different
diff. SGs,Eu2 O4 Si1,28475,62,mp-504653,28336,14,mp-554546,0.00853,0.322,0.0876,"(0.0846,0.145)",different
diff. SGs,As2 Ba1 Co2 O8,85523,2,mp-554725,7196,148,mp-19143,0.0856,1.54,0.143,"(0.037,0.0571)",different
diff. SGs,Cl6 Nb1 Rb2,5742,139,mp-570558,5741,225,mp-571513,0.00639,0.301,0.488,"(0.0125,0.0253)",different
diff. SGs,In1 Ni2 Zr2,25038,136,mp-632502,6480,127,mp-19906,0.00415,0.0363,0.093,"(0.0306,0.0432)",similar
diff. SGs,Ba4 Ir3 O10,44276,64,mp-17689,37063,14,mp-17102,0.00407,0.104,0.0335,"(0.0522,0.139)",different
diff. SGs,Bi1 Cu1 Yb1,5156,186,mp-22953,5155,194,mp-22960,0.0316,0.0837,0.838,"(0.0535,0.0739)",different
diff. SGs,C6 H24 Mo12 N3 O40 P1,100042,166,mp-745080,283,148,mp-600535,5.45e-05,0.0024,0.0134,"(0.00744,0.0232)",similar
diff. SGs,Br3 Ru1,29432,193,mp-22892,1673,59,mp-23294,0.00161,0,0.779,"(0.0202,0.0284)",similar
diff. SGs,Mo1 O15 P5,85668,11,mp-504210,49003,14,mp-696012,0.00363,1.34,0.0356,"(0.0585,0.157)",different
diff. SGs,Bi1 Pd1,22533,36,mp-569727,6539,4,mp-23206,0.00346,0.0054,0.0347,"(0.0737,0.111)",similar
diff. SGs,Bi3 O7 Ta1,87200,8,mp-37030,53266,1,mp-36890,7.79e-05,0.215,0.00995,"(0.142,0.244)",different
diff. SGs,K3 O14 Sb5,34299,32,mp-557989,9632,55,mp-12156,7.97e-05,0.0003,0.00867,"(0.0484,0.102)",similar
diff. SGs,Mn2 U1,45648,74,mp-567695,935,227,mp-339,0.0165,0.0235,0.416,"(0.0159,0.0275)",different
diff. SGs,Ba3 Co1 Nb2 O9,87267,12,mp-561599,906,164,mp-600864,0.0597,1.5,0.161,"(0.026,0.0467)",different
diff. SGs,Si2 Ta1,25568,181,mp-11192,1326,180,mp-517,6.63e-07,0,0.00214,"(0.0306,0.0375)",similar
diff. SGs,Cl4 Co1 Rb2,42315,33,mp-571242,9616,62,mp-23076,0.00143,0.004,0.291,"(0.0492,0.1)",similar
diff. SGs,Ag1 Ga1 S2,43162,9,mp-556916,2824,122,mp-5342,0.00259,0.058,0.122,"(0.0692,0.0937)",similar
diff. SGs,C1 H1 O2 Tl1,1232,33,mp-558579,398,52,mp-557687,0.000814,0.0149,0.15,"(0.0604,0.0876)",similar
diff. SGs,Ni1 O4 Rh2,84951,227,mp-19307,27934,141,mp-636519,0.0834,0,0.0221,"(0.0226,0.0299)",different
diff. SGs,C3 Cl1 H10 N1 O4,275,11,mp-560498,274,4,mp-554570,0.000223,0.0087,0.196,"(0.115,0.243)",similar
